id_articulo,descripcion,codigo,colorBase,colorDerivado,umd,tipo,grupo
3870,BERALKID ESMALTE ALQUIDALICO BLANCO OSTRA 19LT,BER401C,BLANCO,OSTRA,CUB 19LT,ESMALTES,BERALKID
3871,BERALKID ESMALTE ALQUIDALICO BLANCO OSTRA 4LT,BER401G,BLANCO,OSTRA,BOTE 4LT,ESMALTES,BERALKID
3872,BERALKID ESMALTE ALQUIDALICO BLANCO OSTRA 1LT,BER401L,BLANCO,OSTRA,BOTE 1LT,ESMALTES,BERALKID
3873,BERALKID ESMALTE ALQUIDALICO BLANCO OSTRA 0.5LT,BER401M,BLANCO,OSTRA,BOTE 0.5LT,ESMALTES,BERALKID
3874,BERALKID ESMALTE ALQUIDALICO BLANCO OSTRA 0.25LT,BER401Q,BLANCO,OSTRA,BOTE 0.25LT,ESMALTES,BERALKID
3875,BERALKID ESMALTE ALQUIDALICO CREMA 19LT,BER403C,OTRO,CREMA,CUB 19LT,ESMALTES,BERALKID
3876,BERALKID ESMALTE ALQUIDALICO CREMA 4LT,BER403G,OTRO,CREMA,BOTE 4LT,ESMALTES,BERALKID
3877,BERALKID ESMALTE ALQUIDALICO CREMA 1LT,BER403L,OTRO,CREMA,BOTE 1LT,ESMALTES,BERALKID
3878,BERALKID ESMALTE ALQUIDALICO CREMA 0.5LT,BER403M,OTRO,CREMA,BOTE 0.5LT,ESMALTES,BERALKID
3879,BERALKID ESMALTE ALQUIDALICO CREMA 0.25LT,BER403Q,OTRO,CREMA,BOTE 0.25LT,ESMALTES,BERALKID
3880,BERALKID ESMALTE ALQUIDALICO AZUL ORGANICO 4LT,BER404G,AZUL,ORGANICO,BOTE 4LT,ESMALTES,BERALKID
3881,BERALKID ESMALTE ALQUIDALICO AZUL ORGANICO 1LT,BER404L,AZUL,ORGANICO,BOTE 1LT,ESMALTES,BERALKID
3882,BERALKID ESMALTE ALQUIDALICO AZUL ORGANICO 0.5LT,BER404M,AZUL,ORGANICO,BOTE 0.5LT,ESMALTES,BERALKID
3883,BERALKID ESMALTE ALQUIDALICO AZUL ORGANICO 0.25LT,BER404Q,AZUL,ORGANICO,BOTE 0.25LT,ESMALTES,BERALKID
3884,BERALKID ESMALTE ALQUIDALICO ROJO LADRILLO 19LT,BER405C,ROJO,LADRILLO,CUB 19LT,ESMALTES,BERALKID
3885,BERALKID ESMALTE ALQUIDALICO ROJO LADRILLO 4LT,BER405G,ROJO,LADRILLO,BOTE 4LT,ESMALTES,BERALKID
3886,BERALKID ESMALTE ALQUIDALICO ROJO LADRILLO 1LT,BER405L,ROJO,LADRILLO,BOTE 1LT,ESMALTES,BERALKID
3887,BERALKID ESMALTE ALQUIDALICO ROJO LADRILLO 0.5LT,BER405M,ROJO,LADRILLO,BOTE 0.5LT,ESMALTES,BERALKID
3888,BERALKID ESMALTE ALQUIDALICO ROJO LADRILLO 0.25LT,BER405Q,ROJO,LADRILLO,BOTE 0.25LT,ESMALTES,BERALKID
3889,BERALKID ESMALTE ALQUIDALICO VERDE JARDIN 19LT,BER408C,OTRO,VERDE,CUB 19LT,ESMALTES,BERALKID
3890,BERALKID ESMALTE ALQUIDALICO VERDE JARDIN 4LT,BER408G,OTRO,VERDE,BOTE 4LT,ESMALTES,BERALKID
3891,BERALKID ESMALTE ALQUIDALICO VERDE JARDIN 1LT,BER408L,OTRO,VERDE,BOTE 1LT,ESMALTES,BERALKID
3892,BERALKID ESMALTE ALQUIDALICO VERDE JARDIN 0.5LT,BER408M,OTRO,VERDE,BOTE 0.5LT,ESMALTES,BERALKID
3893,BERALKID ESMALTE ALQUIDALICO VERDE JARDIN 0.25LT,BER408Q,OTRO,VERDE,BOTE 0.25LT,ESMALTES,BERALKID
3894,BERALKID ESMALTE ALQUIDALICO VERDE NILO 19LT,BER409C,OTRO,VERDE,CUB 19LT,ESMALTES,BERALKID
3895,BERALKID ESMALTE ALQUIDALICO VERDE NILO 4LT,BER409G,OTRO,VERDE,BOTE 4LT,ESMALTES,BERALKID
3896,BERALKID ESMALTE ALQUIDALICO VERDE NILO 1LT,BER409L,OTRO,VERDE,BOTE 1LT,ESMALTES,BERALKID
3897,BERALKID ESMALTE ALQUIDALICO VERDE NILO 0.5LT,BER409M,OTRO,VERDE,BOTE 0.5LT,ESMALTES,BERALKID
3898,BERALKID ESMALTE ALQUIDALICO VERDE NILO 0.25LT,BER409Q,OTRO,VERDE,BOTE 0.25LT,ESMALTES,BERALKID
3899,BERALKID ESMALTE ALQUIDALICO MARFIL 19LT,BER410C,OTRO,MARFIL,CUB 19LT,ESMALTES,BERALKID
3900,BERALKID ESMALTE ALQUIDALICO MARFIL 4LT,BER410G,OTRO,MARFIL,BOTE 4LT,ESMALTES,BERALKID
3901,BERALKID ESMALTE ALQUIDALICO MARFIL 1LT,BER410L,OTRO,MARFIL,BOTE 1LT,ESMALTES,BERALKID
3902,BERALKID ESMALTE ALQUIDALICO MARFIL 0.5LT,BER410M,OTRO,MARFIL,BOTE 0.5LT,ESMALTES,BERALKID
3903,BERALKID ESMALTE ALQUIDALICO MARFIL 0.25LT,BER410Q,OTRO,MARFIL,BOTE 0.25LT,ESMALTES,BERALKID
3904,BERALKID ESMALTE ALQUIDALICO CASTAÑO 19LT,BER412C,OTRO,CASTAÑO,CUB 19LT,ESMALTES,BERALKID
3905,BERALKID ESMALTE ALQUIDALICO CASTAÑO 4LT,BER412G,OTRO,CASTAÑO,BOTE 4LT,ESMALTES,BERALKID
3906,BERALKID ESMALTE ALQUIDALICO CASTAÑO 1LT,BER412L,OTRO,CASTAÑO,BOTE 1LT,ESMALTES,BERALKID
3907,BERALKID ESMALTE ALQUIDALICO CASTAÑO 0.5LT,BER412M,OTRO,CASTAÑO,BOTE 0.5LT,ESMALTES,BERALKID
3908,BERALKID ESMALTE ALQUIDALICO CASTAÑO 0.25LT,BER412Q,OTRO,CASTAÑO,BOTE 0.25LT,ESMALTES,BERALKID
3909,BERALKID ESMALTE ALQUIDALICO GRIS PERLA 19LT,BER415C,OTRO,GRIS,CUB 19LT,ESMALTES,BERALKID
3910,BERALKID ESMALTE ALQUIDALICO GRIS PERLA 4LT,BER415G,OTRO,GRIS,BOTE 4LT,ESMALTES,BERALKID
3911,BERALKID ESMALTE ALQUIDALICO GRIS PERLA 1LT,BER415L,OTRO,GRIS,BOTE 1LT,ESMALTES,BERALKID
3912,BERALKID ESMALTE ALQUIDALICO GRIS PERLA 0.5LT,BER415M,OTRO,GRIS,BOTE 0.5LT,ESMALTES,BERALKID
3913,BERALKID ESMALTE ALQUIDALICO GRIS PERLA 0.25LT,BER415Q,OTRO,GRIS,BOTE 0.25LT,ESMALTES,BERALKID
3914,BERALKID ESMALTE ALQUIDALICO AMARILLO CROMO 19LT,BER417C,AMARILLO,CROMO,CUB 19LT,ESMALTES,BERALKID
3915,BERALKID ESMALTE ALQUIDALICO AMARILLO CROMO 4LT,BER417G,AMARILLO,CROMO,BOTE 4LT,ESMALTES,BERALKID
3916,BERALKID ESMALTE ALQUIDALICO AMARILLO CROMO 1LT,BER417L,AMARILLO,CROMO,BOTE 1LT,ESMALTES,BERALKID
3917,BERALKID ESMALTE ALQUIDALICO AMARILLO CROMO 0.5LT,BER417M,AMARILLO,CROMO,BOTE 0.5LT,ESMALTES,BERALKID
3918,BERALKID ESMALTE ALQUIDALICO AMARILLO CROMO 0.25LT,BER417Q,AMARILLO,CROMO,BOTE 0.25LT,ESMALTES,BERALKID
3919,BERALKID ESMALTE ALQUIDALICO BERMELLON 19LT,BER420C,OTRO,BERMELLON,CUB 19LT,ESMALTES,BERALKID
3920,BERALKID ESMALTE ALQUIDALICO BERMELLON 4LT,BER420G,OTRO,BERMELLON,BOTE 4LT,ESMALTES,BERALKID
3921,BERALKID ESMALTE ALQUIDALICO BERMELLON 1LT,BER420L,OTRO,BERMELLON,BOTE 1LT,ESMALTES,BERALKID
3922,BERALKID ESMALTE ALQUIDALICO BERMELLON 0.5LT,BER420M,OTRO,BERMELLON,BOTE 0.5LT,ESMALTES,BERALKID
3923,BERALKID ESMALTE ALQUIDALICO BERMELLON 0.25LT,BER420Q,OTRO,BERMELLON,BOTE 0.25LT,ESMALTES,BERALKID
3924,BERALKID ESMALTE ALQUIDALICO NARANJA 19LT,BER421C,OTRO,NARANJA,CUB 19LT,ESMALTES,BERALKID
3925,BERALKID ESMALTE ALQUIDALICO NARANJA 4LT,BER421G,OTRO,NARANJA,BOTE 4LT,ESMALTES,BERALKID
3926,BERALKID ESMALTE ALQUIDALICO NARANJA 1LT,BER421L,OTRO,NARANJA,BOTE 1LT,ESMALTES,BERALKID
3927,BERALKID ESMALTE ALQUIDALICO NARANJA 0.5LT,BER421M,OTRO,NARANJA,BOTE 0.5LT,ESMALTES,BERALKID
3928,BERALKID ESMALTE ALQUIDALICO NARANJA 0.25LT,BER421Q,OTRO,NARANJA,BOTE 0.25LT,ESMALTES,BERALKID
3929,BERALKID ESMALTE ALQUIDALICO BLANCO 19LT,BER423C,BLANCO,N/A,CUB 19LT,ESMALTES,BERALKID
3930,BERALKID ESMALTE ALQUIDALICO BLANCO 4LT,BER423G,BLANCO,N/A,BOTE 4LT,ESMALTES,BERALKID
3931,BERALKID ESMALTE ALQUIDALICO BLANCO 1LT,BER423L,BLANCO,N/A,BOTE 1LT,ESMALTES,BERALKID
3932,BERALKID ESMALTE ALQUIDALICO BLANCO 0.5LT,BER423M,BLANCO,N/A,BOTE 0.5LT,ESMALTES,BERALKID
3933,BERALKID ESMALTE ALQUIDALICO BLANCO 0.25LT,BER423Q,BLANCO,N/A,BOTE 0.25LT,ESMALTES,BERALKID
3934,BERALKID ESMALTE ALQUIDALICO NEGRO 19LT,BER424C,NEGRO,N/A,CUB 19LT,ESMALTES,BERALKID
3935,BERALKID ESMALTE ALQUIDALICO NEGRO 4LT,BER424G,NEGRO,N/A,BOTE 4LT,ESMALTES,BERALKID
3936,BERALKID ESMALTE ALQUIDALICO NEGRO 1LT,BER424L,NEGRO,N/A,BOTE 1LT,ESMALTES,BERALKID
3937,BERALKID ESMALTE ALQUIDALICO NEGRO 0.5LT,BER424M,NEGRO,N/A,BOTE 0.5LT,ESMALTES,BERALKID
3938,BERALKID ESMALTE ALQUIDALICO NEGRO 0.25LT,BER424Q,NEGRO,N/A,BOTE 0.25LT,ESMALTES,BERALKID
3939,BERALKID ESMALTE ALQUIDALICO TURQUESA 19LT,BER427C,OTRO,TURQUESA,CUB 19LT,ESMALTES,BERALKID
3940,BERALKID ESMALTE ALQUIDALICO TURQUESA 4LT,BER427G,OTRO,TURQUESA,BOTE 4LT,ESMALTES,BERALKID
3941,BERALKID ESMALTE ALQUIDALICO TURQUESA 1LT,BER427L,OTRO,TURQUESA,BOTE 1LT,ESMALTES,BERALKID
3942,BERALKID ESMALTE ALQUIDALICO TURQUESA 0.5LT,BER427M,OTRO,TURQUESA,BOTE 0.5LT,ESMALTES,BERALKID
3943,BERALKID ESMALTE ALQUIDALICO TURQUESA 0.25LT,BER427Q,OTRO,TURQUESA,BOTE 0.25LT,ESMALTES,BERALKID
3944,BERALKID ESMALTE ALQUIDALICO AZUL REGIO 19LT,BER430C,AZUL,REGIO,CUB 19LT,ESMALTES,BERALKID
3945,BERALKID ESMALTE ALQUIDALICO AZUL REGIO 4LT,BER430G,AZUL,REGIO,BOTE 4LT,ESMALTES,BERALKID
3946,BERALKID ESMALTE ALQUIDALICO AZUL REGIO 1LT,BER430L,AZUL,REGIO,BOTE 1LT,ESMALTES,BERALKID
3947,BERALKID ESMALTE ALQUIDALICO AZUL REGIO 0.5LT,BER430M,AZUL,REGIO,BOTE 0.5LT,ESMALTES,BERALKID
3948,BERALKID ESMALTE ALQUIDALICO AZUL REGIO 0.25LT,BER430Q,AZUL,REGIO,BOTE 0.25LT,ESMALTES,BERALKID
3949,BERALKID ESMALTE ALQUIDALICO OCRE 19LT,BER433C,OTRO,OCRE,CUB 19LT,ESMALTES,BERALKID
3950,BERALKID ESMALTE ALQUIDALICO OCRE 4LT,BER433G,OTRO,OCRE,BOTE 4LT,ESMALTES,BERALKID
3951,BERALKID ESMALTE ALQUIDALICO OCRE 1LT,BER433L,OTRO,OCRE,BOTE 1LT,ESMALTES,BERALKID
3952,BERALKID ESMALTE ALQUIDALICO OCRE 0.5LT,BER433M,OTRO,OCRE,BOTE 0.5LT,ESMALTES,BERALKID
3953,BERALKID ESMALTE ALQUIDALICO OCRE 0.25LT,BER433Q,OTRO,OCRE,BOTE 0.25LT,ESMALTES,BERALKID
3954,BERALKID ESMALTE ALQUIDALICO AZUL CIELO 19LT,BER434C,AZUL,CIELO,CUB 19LT,ESMALTES,BERALKID
3955,BERALKID ESMALTE ALQUIDALICO AZUL CIELO 4LT,BER434G,AZUL,CIELO,BOTE 4LT,ESMALTES,BERALKID
3956,BERALKID ESMALTE ALQUIDALICO AZUL CIELO 1LT,BER434L,AZUL,CIELO,BOTE 1LT,ESMALTES,BERALKID
3957,BERALKID ESMALTE ALQUIDALICO AZUL CIELO 0.5LT,BER434M,AZUL,CIELO,BOTE 0.5LT,ESMALTES,BERALKID
3958,BERALKID ESMALTE ALQUIDALICO AZUL CIELO 0.25LT,BER434Q,AZUL,CIELO,BOTE 0.25LT,ESMALTES,BERALKID
3959,BERALKID ESMALTE ALQUIDALICO AMARILLO HOLANDA 19LT,BER436C,AMARILLO,HOLANDA,CUB 19LT,ESMALTES,BERALKID
3960,BERALKID ESMALTE ALQUIDALICO AMARILLO HOLANDA 4LT,BER436G,AMARILLO,HOLANDA,BOTE 4LT,ESMALTES,BERALKID
3961,BERALKID ESMALTE ALQUIDALICO AMARILLO HOLANDA 1LT,BER436L,AMARILLO,HOLANDA,BOTE 1LT,ESMALTES,BERALKID
3962,BERALKID ESMALTE ALQUIDALICO AMARILLO HOLANDA 0.5LT,BER436M,AMARILLO,HOLANDA,BOTE 0.5LT,ESMALTES,BERALKID
3963,BERALKID ESMALTE ALQUIDALICO AMARILLO HOLANDA 0.25LT,BER436Q,AMARILLO,HOLANDA,BOTE 0.25LT,ESMALTES,BERALKID
3964,BERALKID ESMALTE ALQUIDALICO VERDE ORGANICO 4LT,BER438G,OTRO,ORGANICO,BOTE 4LT,ESMALTES,BERALKID
3965,BERALKID ESMALTE ALQUIDALICO VERDE ORGANICO 1LT,BER438L,OTRO,ORGANICO,BOTE 1LT,ESMALTES,BERALKID
3966,BERALKID ESMALTE ALQUIDALICO VERDE ORGANICO 0.5LT,BER438M,OTRO,ORGANICO,BOTE 0.5LT,ESMALTES,BERALKID
3967,BERALKID ESMALTE ALQUIDALICO VERDE ORGANICO 0.25LT,BER438Q,OTRO,ORGANICO,BOTE 0.25LT,ESMALTES,BERALKID
3968,BERALKID ESMALTE ALQUIDALICO OSTION 19LT,BER443C,OTRO,OSTION,CUB 19LT,ESMALTES,BERALKID
3969,BERALKID ESMALTE ALQUIDALICO OSTION 4LT,BER443G,OTRO,OSTION,BOTE 4LT,ESMALTES,BERALKID
3970,BERALKID ESMALTE ALQUIDALICO OSTION 1LT,BER443L,OTRO,OSTION,BOTE 1LT,ESMALTES,BERALKID
3971,BERALKID ESMALTE ALQUIDALICO OSTION 0.5LT,BER443M,OTRO,OSTION,BOTE 0.5LT,ESMALTES,BERALKID
3972,BERALKID ESMALTE ALQUIDALICO OSTION 0.25LT,BER443Q,OTRO,OSTION,BOTE 0.25LT,ESMALTES,BERALKID
3973,BERALKID ESMALTE ALQUIDALICO VIOLETA 4LT,BER445G,OTRO,VIOLETA,BOTE 4LT,ESMALTES,BERALKID
3974,BERALKID ESMALTE ALQUIDALICO VIOLETA 1LT,BER445L,OTRO,VIOLETA,BOTE 1LT,ESMALTES,BERALKID
3975,BERALKID ESMALTE ALQUIDALICO VIOLETA 0.5LT,BER445M,OTRO,VIOLETA,BOTE 0.5LT,ESMALTES,BERALKID
3976,BERALKID ESMALTE ALQUIDALICO VIOLETA 0.25LT,BER445Q,OTRO,VIOLETA,BOTE 0.25LT,ESMALTES,BERALKID
3977,MULTITONO ESMALTE ALQUIDALICO BASE PASTEL 19LT,BER3401C,OTRO,N/A,CUB 19LT,ESMALTES,MULTITONO ESMALTE
3978,MULTITONO ESMALTE ALQUIDALICO BASE PASTEL 4LT,BER3401G,OTRO,N/A,BOTE 4LT,ESMALTES,MULTITONO ESMALTE
3979,MULTITONO ESMALTE ALQUIDALICO BASE PASTEL 1LT,BER3401L,OTRO,N/A,BOTE 1LT,ESMALTES,MULTITONO ESMALTE
3980,MULTITONO ESMALTE ALQUIDALICO BASE TINT 19 L,BER3402C,OTRO,N/A,CUB 19 L,ESMALTES,MULTITONO ESMALTE
3981,MULTITONO ESMALTE ALQUIDALICO BASE TINT 4LT,BER3402G,OTRO,N/A,BOTE 4LT,ESMALTES,MULTITONO ESMALTE
3982,MULTITONO ESMALTE ALQUIDALICO BASE TINT 1LT,BER3402L,OTRO,N/A,BOTE 1LT,ESMALTES,MULTITONO ESMALTE
3983,SUMMA ESMALTE ALQUIDALICO AMARILLO CROMO 19LT,BER617C,AMARILLO,CROMO,CUB 19LT,ESMALTES,SUMMA
3984,SUMMA ESMALTE ALQUIDALICO AMARILLO CROMO 4LT,BER617G,AMARILLO,CROMO,BOTE 4LT,ESMALTES,SUMMA
3985,SUMMA ESMALTE ALQUIDALICO AMARILLO CROMO 1LT,BER617L,AMARILLO,CROMO,BOTE 1LT,ESMALTES,SUMMA
3986,SUMMA ESMALTE ALQUIDALICO AMARILLO CROMO 0.5LT,BER617M,AMARILLO,CROMO,BOTE 0.5LT,ESMALTES,SUMMA
3987,SUMMA ESMALTE ALQUIDALICO AMARILLO CROMO 0.25LT,BER617Q,AMARILLO,CROMO,BOTE 0.25LT,ESMALTES,SUMMA
3988,SUMMA ESMALTE ALQUIDALICO CASTAÑO 19LT,BER612C,OTRO,CASTAÑO,CUB 19LT,ESMALTES,SUMMA
3989,SUMMA ESMALTE ALQUIDALICO CASTAÑO 4LT,BER612G,OTRO,CASTAÑO,BOTE 4LT,ESMALTES,SUMMA
3990,SUMMA ESMALTE ALQUIDALICO CASTAÑO 1LT,BER612L,OTRO,CASTAÑO,BOTE 1LT,ESMALTES,SUMMA
3991,SUMMA ESMALTE ALQUIDALICO CASTAÑO 0.5LT,BER612M,OTRO,CASTAÑO,BOTE 0.5LT,ESMALTES,SUMMA
3992,SUMMA ESMALTE ALQUIDALICO CASTAÑO 0.25LT,BER612Q,OTRO,CASTAÑO,BOTE 0.25LT,ESMALTES,SUMMA
3993,SUMMA ESMALTE ALQUIDALICO ROJO LADRILLO 19LT,BER605C,ROJO,LADRILLO,CUB 19LT,ESMALTES,SUMMA
3994,SUMMA ESMALTE ALQUIDALICO ROJO LADRILLO 4LT,BER605G,ROJO,LADRILLO,BOTE 4LT,ESMALTES,SUMMA
3995,SUMMA ESMALTE ALQUIDALICO ROJO LADRILLO 1LT,BER605L,ROJO,LADRILLO,BOTE 1LT,ESMALTES,SUMMA
3996,SUMMA ESMALTE ALQUIDALICO ROJO LADRILLO 0.5LT,BER605M,ROJO,LADRILLO,BOTE 0.5LT,ESMALTES,SUMMA
3997,SUMMA ESMALTE ALQUIDALICO ROJO LADRILLO 0.25LT,BER605Q,ROJO,LADRILLO,BOTE 0.25LT,ESMALTES,SUMMA
3998,SUMMA ESMALTE ALQUIDALICO BERMELLON 19LT,BER620C,OTRO,BERMELLON,CUB 19LT,ESMALTES,SUMMA
3999,SUMMA ESMALTE ALQUIDALICO BERMELLON 4LT,BER620G,OTRO,BERMELLON,BOTE 4LT,ESMALTES,SUMMA
4000,SUMMA ESMALTE ALQUIDALICO BERMELLON 1LT,BER620L,OTRO,BERMELLON,BOTE 1LT,ESMALTES,SUMMA
4001,SUMMA ESMALTE ALQUIDALICO BERMELLON 0.5LT,BER620M,OTRO,BERMELLON,BOTE 0.5LT,ESMALTES,SUMMA
4002,SUMMA ESMALTE ALQUIDALICO BERMELLON 0.25LT,BER620Q,OTRO,BERMELLON,BOTE 0.25LT,ESMALTES,SUMMA
4003,SUMMA ESMALTE ALQUIDALICO NARANJA 19LT,BER621C,OTRO,NARANJA,CUB 19LT,ESMALTES,SUMMA
4004,SUMMA ESMALTE ALQUIDALICO NARANJA 4LT,BER621G,OTRO,NARANJA,BOTE 4LT,ESMALTES,SUMMA
4005,SUMMA ESMALTE ALQUIDALICO NARANJA 1LT,BER621L,OTRO,NARANJA,BOTE 1LT,ESMALTES,SUMMA
4006,SUMMA ESMALTE ALQUIDALICO NARANJA 0.5LT,BER621M,OTRO,NARANJA,BOTE 0.5LT,ESMALTES,SUMMA
4007,SUMMA ESMALTE ALQUIDALICO NARANJA 0.25LT,BER621Q,OTRO,NARANJA,BOTE 0.25LT,ESMALTES,SUMMA
4008,SUMMA ESMALTE ALQUIDALICO OCRE 19LT,BER633C,OTRO,OCRE,CUB 19LT,ESMALTES,SUMMA
4009,SUMMA ESMALTE ALQUIDALICO OCRE 4LT,BER633G,OTRO,OCRE,BOTE 4LT,ESMALTES,SUMMA
4010,SUMMA ESMALTE ALQUIDALICO OCRE 1LT,BER633L,OTRO,OCRE,BOTE 1LT,ESMALTES,SUMMA
4011,SUMMA ESMALTE ALQUIDALICO OCRE 0.5LT,BER633M,OTRO,OCRE,BOTE 0.5LT,ESMALTES,SUMMA
4012,SUMMA ESMALTE ALQUIDALICO OCRE 0.25LT,BER633Q,OTRO,OCRE,BOTE 0.25LT,ESMALTES,SUMMA
4013,SUMMA ESMALTE ALQUIDALICO AMARILLO LIMON 19LT,BER616C,AMARILLO,LIMON,CUB 19LT,ESMALTES,SUMMA
4014,SUMMA ESMALTE ALQUIDALICO AMARILLO LIMON 4LT,BER616G,AMARILLO,LIMON,BOTE 4LT,ESMALTES,SUMMA
4015,SUMMA ESMALTE ALQUIDALICO AMARILLO LIMON 1LT,BER616L,AMARILLO,LIMON,BOTE 1LT,ESMALTES,SUMMA
4016,SUMMA ESMALTE ALQUIDALICO AMARILLO LIMON 0.5LT,BER616M,AMARILLO,LIMON,BOTE 0.5LT,ESMALTES,SUMMA
4017,SUMMA ESMALTE ALQUIDALICO AMARILLO LIMON 0.25LT,BER616Q,AMARILLO,LIMON,BOTE 0.25LT,ESMALTES,SUMMA
4018,SUMMA ESMALTE ALQUIDALICO MARFIL 19LT,BER610C,OTRO,MARFIL,CUB 19LT,ESMALTES,SUMMA
4019,SUMMA ESMALTE ALQUIDALICO MARFIL 4LT,BER610G,OTRO,MARFIL,BOTE 4LT,ESMALTES,SUMMA
4020,SUMMA ESMALTE ALQUIDALICO MARFIL 1LT,BER610L,OTRO,MARFIL,BOTE 1LT,ESMALTES,SUMMA
4021,SUMMA ESMALTE ALQUIDALICO MARFIL 0.5LT,BER610M,OTRO,MARFIL,BOTE 0.5LT,ESMALTES,SUMMA
4022,SUMMA ESMALTE ALQUIDALICO MARFIL 0.25LT,BER610Q,OTRO,MARFIL,BOTE 0.25LT,ESMALTES,SUMMA
4023,SUMMA ESMALTE ALQUIDALICO VERDE JARDIN 19LT,BER608C,OTRO,VERDE,CUB 19LT,ESMALTES,SUMMA
4024,SUMMA ESMALTE ALQUIDALICO VERDE JARDIN 4LT,BER608G,OTRO,VERDE,BOTE 4LT,ESMALTES,SUMMA
4025,SUMMA ESMALTE ALQUIDALICO VERDE JARDIN 1LT,BER608L,OTRO,VERDE,BOTE 1LT,ESMALTES,SUMMA
4026,SUMMA ESMALTE ALQUIDALICO VERDE JARDIN 0.5LT,BER608M,OTRO,VERDE,BOTE 0.5LT,ESMALTES,SUMMA
4027,SUMMA ESMALTE ALQUIDALICO VERDE JARDIN 0.25LT,BER608Q,OTRO,VERDE,BOTE 0.25LT,ESMALTES,SUMMA
4028,SUMMA ESMALTE ALQUIDALICO VERDE CAÑA 19LT,BER619C,OTRO,VERDE,CUB 19LT,ESMALTES,SUMMA
4029,SUMMA ESMALTE ALQUIDALICO VERDE CAÑA 4LT,BER619G,OTRO,VERDE,BOTE 4LT,ESMALTES,SUMMA
4030,SUMMA ESMALTE ALQUIDALICO VERDE CAÑA 1LT,BER619L,OTRO,VERDE,BOTE 1LT,ESMALTES,SUMMA
4031,SUMMA ESMALTE ALQUIDALICO VERDE CAÑA 0.5LT,BER619M,OTRO,VERDE,BOTE 0.5LT,ESMALTES,SUMMA
4032,SUMMA ESMALTE ALQUIDALICO VERDE CAÑA 0.25LT,BER619Q,OTRO,VERDE,BOTE 0.25LT,ESMALTES,SUMMA
4033,SUMMA ESMALTE ALQUIDALICO AGUAMARINA 19LT,BER647C,OTRO,AGUAMARINA,CUB 19LT,ESMALTES,SUMMA
4034,SUMMA ESMALTE ALQUIDALICO AGUAMARINA 4LT,BER647G,OTRO,AGUAMARINA,BOTE 4LT,ESMALTES,SUMMA
4035,SUMMA ESMALTE ALQUIDALICO AGUAMARINA 1LT,BER647L,OTRO,AGUAMARINA,BOTE 1LT,ESMALTES,SUMMA
4036,SUMMA ESMALTE ALQUIDALICO AGUAMARINA 0.5LT,BER647M,OTRO,AGUAMARINA,BOTE 0.5LT,ESMALTES,SUMMA
4037,SUMMA ESMALTE ALQUIDALICO AGUAMARINA 0.25LT,BER647Q,OTRO,AGUAMARINA,BOTE 0.25LT,ESMALTES,SUMMA
4038,SUMMA ESMALTE ALQUIDALICO BLANCO OSTION 19LT,BER643C,BLANCO,OSTION,CUB 19LT,ESMALTES,SUMMA
4039,SUMMA ESMALTE ALQUIDALICO BLANCO OSTION 4LT,BER643G,BLANCO,OSTION,BOTE 4LT,ESMALTES,SUMMA
4040,SUMMA ESMALTE ALQUIDALICO BLANCO OSTION 1LT,BER643L,BLANCO,OSTION,BOTE 1LT,ESMALTES,SUMMA
4041,SUMMA ESMALTE ALQUIDALICO BLANCO OSTION 0.5LT,BER643M,BLANCO,OSTION,BOTE 0.5LT,ESMALTES,SUMMA
4042,SUMMA ESMALTE ALQUIDALICO BLANCO OSTION 0.25LT,BER643Q,BLANCO,OSTION,BOTE 0.25LT,ESMALTES,SUMMA
4043,SUMMA ESMALTE ALQUIDALICO AZUL OBSCURO 19LT,BER614C,AZUL,OBSCURO,CUB 19LT,ESMALTES,SUMMA
4044,SUMMA ESMALTE ALQUIDALICO AZUL OBSCURO 4LT,BER614G,AZUL,OBSCURO,BOTE 4LT,ESMALTES,SUMMA
4045,SUMMA ESMALTE ALQUIDALICO AZUL OBSCURO 1LT,BER614L,AZUL,OBSCURO,BOTE 1LT,ESMALTES,SUMMA
4046,SUMMA ESMALTE ALQUIDALICO AZUL OBSCURO 0.5LT,BER614M,AZUL,OBSCURO,BOTE 0.5LT,ESMALTES,SUMMA
4047,SUMMA ESMALTE ALQUIDALICO AZUL OBSCURO 0.25LT,BER614Q,AZUL,OBSCURO,BOTE 0.25LT,ESMALTES,SUMMA
4048,SUMMA ESMALTE ALQUIDALICO AZUL MEDIANO 19LT,BER630C,AZUL,MEDIANO,CUB 19LT,ESMALTES,SUMMA
4049,SUMMA ESMALTE ALQUIDALICO AZUL MEDIANO 4LT,BER630G,AZUL,MEDIANO,BOTE 4LT,ESMALTES,SUMMA
4050,SUMMA ESMALTE ALQUIDALICO AZUL MEDIANO 1LT,BER630L,AZUL,MEDIANO,BOTE 1LT,ESMALTES,SUMMA
4051,SUMMA ESMALTE ALQUIDALICO AZUL MEDIANO 0.5LT,BER630M,AZUL,MEDIANO,BOTE 0.5LT,ESMALTES,SUMMA
4052,SUMMA ESMALTE ALQUIDALICO AZUL MEDIANO 0.25LT,BER630Q,AZUL,MEDIANO,BOTE 0.25LT,ESMALTES,SUMMA
4053,SUMMA ESMALTE ALQUIDALICO AZUL CIELO 19LT,BER634C,AZUL,CIELO,CUB 19LT,ESMALTES,SUMMA
4054,SUMMA ESMALTE ALQUIDALICO AZUL CIELO 4LT,BER634G,AZUL,CIELO,BOTE 4LT,ESMALTES,SUMMA
4055,SUMMA ESMALTE ALQUIDALICO AZUL CIELO 1LT,BER634L,AZUL,CIELO,BOTE 1LT,ESMALTES,SUMMA
4056,SUMMA ESMALTE ALQUIDALICO AZUL CIELO 0.5LT,BER634M,AZUL,CIELO,BOTE 0.5LT,ESMALTES,SUMMA
4057,SUMMA ESMALTE ALQUIDALICO AZUL CIELO 0.25LT,BER634Q,AZUL,CIELO,BOTE 0.25LT,ESMALTES,SUMMA
4058,SUMMA ESMALTE ALQUIDALICO GRIS PERLA 19LT,BER615C,OTRO,GRIS,CUB 19LT,ESMALTES,SUMMA
4059,SUMMA ESMALTE ALQUIDALICO GRIS PERLA 4LT,BER615G,OTRO,GRIS,BOTE 4LT,ESMALTES,SUMMA
4060,SUMMA ESMALTE ALQUIDALICO GRIS PERLA 1LT,BER615L,OTRO,GRIS,BOTE 1LT,ESMALTES,SUMMA
4061,SUMMA ESMALTE ALQUIDALICO GRIS PERLA 0.5LT,BER615M,OTRO,GRIS,BOTE 0.5LT,ESMALTES,SUMMA
4062,SUMMA ESMALTE ALQUIDALICO GRIS PERLA 0.25LT,BER615Q,OTRO,GRIS,BOTE 0.25LT,ESMALTES,SUMMA
4063,SUMMA ESMALTE ALQUIDALICO OSTRA 19LT,BER601C,OTRO,OSTRA,CUB 19LT,ESMALTES,SUMMA
4064,SUMMA ESMALTE ALQUIDALICO OSTRA 4LT,BER601G,OTRO,OSTRA,BOTE 4LT,ESMALTES,SUMMA
4065,SUMMA ESMALTE ALQUIDALICO OSTRA 1LT,BER601L,OTRO,OSTRA,BOTE 1LT,ESMALTES,SUMMA
4066,SUMMA ESMALTE ALQUIDALICO OSTRA 0.5LT,BER601M,OTRO,OSTRA,BOTE 0.5LT,ESMALTES,SUMMA
4067,SUMMA ESMALTE ALQUIDALICO OSTRA 0.25LT,BER601Q,OTRO,OSTRA,BOTE 0.25LT,ESMALTES,SUMMA
4068,SUMMA ESMALTE ALQUIDALICO CREMA COLONIAL 19LT,BER602C,OTRO,CREMA,CUB 19LT,ESMALTES,SUMMA
4069,SUMMA ESMALTE ALQUIDALICO CREMA COLONIAL 4LT,BER602G,OTRO,CREMA,BOTE 4LT,ESMALTES,SUMMA
4070,SUMMA ESMALTE ALQUIDALICO CREMA COLONIAL 1LT,BER602L,OTRO,CREMA,BOTE 1LT,ESMALTES,SUMMA
4071,SUMMA ESMALTE ALQUIDALICO CREMA COLONIAL 0.5LT,BER602M,OTRO,CREMA,BOTE 0.5LT,ESMALTES,SUMMA
4072,SUMMA ESMALTE ALQUIDALICO CREMA COLONIAL 0.25LT,BER602Q,OTRO,CREMA,BOTE 0.25LT,ESMALTES,SUMMA
4073,SUMMA ESMALTE SATINADO BLANCO 19LT,BER673C,BLANCO,SATINADO,CUB 19LT,ESMALTES,SUMMA
4074,SUMMA ESMALTE SATINADO BLANCO 4LT,BER673G,BLANCO,SATINADO,BOTE 4LT,ESMALTES,SUMMA
4075,SUMMA ESMALTE SATINADO BLANCO 1LT,BER673L,BLANCO,SATINADO,BOTE 1LT,ESMALTES,SUMMA
4076,SUMMA ESMALTE SATINADO BLANCO 0.5LT,BER673M,BLANCO,SATINADO,BOTE 0.5LT,ESMALTES,SUMMA
4077,SUMMA ESMALTE NEGRO MATE 19LT,BER674C,NEGRO,MATE,CUB 19LT,ESMALTES,SUMMA
4078,SUMMA ESMALTE NEGRO MATE 4LT,BER674G,NEGRO,MATE,BOTE 4LT,ESMALTES,SUMMA
4079,SUMMA ESMALTE NEGRO MATE 1LT,BER674L,NEGRO,MATE,BOTE 1LT,ESMALTES,SUMMA
4080,SUMMA ESMALTE NEGRO MATE 0.5LT,BER674M,NEGRO,MATE,BOTE 0.5LT,ESMALTES,SUMMA
4081,SUMMA ESMALTE NEGRO MATE 0.25LT,BER674Q,NEGRO,MATE,BOTE 0.25LT,ESMALTES,SUMMA
4082,SUMMA ESMALTE NEGRO 19LT,BER624C,NEGRO,N/A,CUB 19LT,ESMALTES,SUMMA
4083,SUMMA ESMALTE NEGRO 4LT,BER624G,NEGRO,N/A,BOTE 4LT,ESMALTES,SUMMA
4084,SUMMA ESMALTE NEGRO 1LT,BER624L,NEGRO,N/A,BOTE 1LT,ESMALTES,SUMMA
4085,SUMMA ESMALTE NEGRO 0.5LT,BER624M,NEGRO,N/A,BOTE 0.5LT,ESMALTES,SUMMA
4086,SUMMA ESMALTE NEGRO 0.25LT,BER624Q,NEGRO,N/A,BOTE 0.25LT,ESMALTES,SUMMA
4087,ALUMINIO PARA EXTERIORES 200LT,BER150T,OTRO,N/A,TAM 200LT,ESMALTES,ACABADOS METALICOS
4088,ALUMINIO PARA EXTERIORES 19LT,BER150C,OTRO,N/A,CUB 19LT,ESMALTES,ACABADOS METALICOS
4089,ALUMINIO PARA EXTERIORES 4LT,BER150G,OTRO,N/A,BOTE 4LT,ESMALTES,ACABADOS METALICOS
4090,ALUMINIO PARA EXTERIORES 1LT,BER150L,OTRO,N/A,BOTE 1LT,ESMALTES,ACABADOS METALICOS
4091,ALUMINIO PARA EXTERIORES 0.5LT,BER150M,OTRO,N/A,BOTE 0.5LT,ESMALTES,ACABADOS METALICOS
4092,ALUMINIO PARA EXTERIORES 0.25LT,BER150Q,OTRO,N/A,BOTE 0.25LT,ESMALTES,ACABADOS METALICOS
4093,ALUMINIO ALTA TEMPERATURA 19LT,BER9150C,OTRO,N/A,CUB 19LT,ESMALTES,ACABADOS METALICOS
4094,ALUMINIO ALTA TEMPERATURA 4LT,BER9150G,OTRO,N/A,BOTE 4LT,ESMALTES,ACABADOS METALICOS
4095,ESMALTE METALICO ORO RICO 1LT,BER6101L,OTRO,ORO,BOTE 1LT,ESMALTES,ACABADOS METALICOS
4096,ESMALTE METALICO ORO RICO 0.5LT,BER6101M,OTRO,ORO,BOTE 0.5LT,ESMALTES,ACABADOS METALICOS
4097,ESMALTE METALICO ORO RICO 0.25LT,BER6101Q,OTRO,ORO,BOTE 0.25LT,ESMALTES,ACABADOS METALICOS
4098,ESMALTE METALICO ORO PALIDO 1LT,BER6102L,OTRO,ORO,BOTE 1LT,ESMALTES,ACABADOS METALICOS
4099,ESMALTE METALICO ORO PALIDO 0.5LT,BER6102M,OTRO,ORO,BOTE 0.5LT,ESMALTES,ACABADOS METALICOS
4100,ESMALTE METALICO ORO PALIDO 0.25LT,BER6102Q,OTRO,ORO,BOTE 0.25LT,ESMALTES,ACABADOS METALICOS
4101,ESMALTE METALICO COBRE 1LT,BER6103L,OTRO,COBRE,BOTE 1LT,ESMALTES,ACABADOS METALICOS
4102,ESMALTE METALICO COBRE 0.5LT,BER6103M,OTRO,COBRE,BOTE 0.5LT,ESMALTES,ACABADOS METALICOS
4103,ESMALTE METALICO COBRE 0.25LT,BER6103Q,OTRO,COBRE,BOTE 0.25LT,ESMALTES,ACABADOS METALICOS
4104,ESMALTE VERDE JD 19LT,BER908C,OTRO,VERDE,CUB 19LT,ESMALTES,MAQUINARIA AGRICOLA
4105,ESMALTE VERDE JD 4LT,BER908G,OTRO,VERDE,BOTE 4LT,ESMALTES,MAQUINARIA AGRICOLA
4106,ESMALTE VERDE JD 1LT,BER908L,OTRO,VERDE,BOTE 1LT,ESMALTES,MAQUINARIA AGRICOLA
4107,ESMALTE AMARILLO JD 19LT,BER916C,AMARILLO,N/A,CUB 19LT,ESMALTES,MAQUINARIA AGRICOLA
4108,ESMALTE AMARILLO JD 4LT,BER916G,AMARILLO,N/A,BOTE 4LT,ESMALTES,MAQUINARIA AGRICOLA
4109,ESMALTE AMARILLO JD 1LT,BER916L,AMARILLO,N/A,BOTE 1LT,ESMALTES,MAQUINARIA AGRICOLA
4110,ESMALTE AMARILLO CATERPILLAR 19LT,BER936C,AMARILLO,N/A,CUB 19LT,ESMALTES,MAQUINARIA AGRICOLA
4111,ESMALTE AMARILLO CATERPILLAR 4LT,BER936G,AMARILLO,N/A,BOTE 4LT,ESMALTES,MAQUINARIA AGRICOLA
4112,ESMALTE AMARILLO CATERPILLAR 1LT,BER936L,AMARILLO,N/A,BOTE 1LT,ESMALTES,MAQUINARIA AGRICOLA
4113,ESMALTE SEMI-INDUSTRIAL BLANCO SECADO ULTRA RAPIDO 19LT,BER5423C,BLANCO,N/A,CUB 19LT,ESMALTES,DRY FOG
4114,ESMALTE DRY FOG BLANCO MATE 19LT,BER5473C,BLANCO,MATE,CUB 19LT,ESMALTES,DRY FOG
4115,DRY FOG BASE AGUA BLANCO 19LT,BER4273C,BLANCO,N/A,CUB 19LT,ESMALTES,DRY FOG
4116,BIOMETAL ESMALTE BASE AGUA BLANCO/BASE PASTEL 19LT,BER4223C,BLANCO,N/A,CUB 19LT,ESMALTES,BASE AGUA
4117,BIOMETAL ESMALTE BASE AGUA BLANCO/BASE PASTEL 4LT,BER4223G,BLANCO,N/A,BOTE 4LT,ESMALTES,BASE AGUA
4118,BIOMETAL ESMALTE BASE AGUA BLANCO/BASE PASTEL 1LT,BER4223L,BLANCO,N/A,BOTE 1LT,ESMALTES,BASE AGUA
4119,BIOMETAL ESMALTE BASE AGUA BASE TINT 19LT,BER4202C,OTRO,N/A,CUB 19LT,ESMALTES,BASE AGUA
4120,BIOMETAL ESMALTE BASE AGUA BASE TINT 4LT,BER4202G,OTRO,N/A,BOTE 4LT,ESMALTES,BASE AGUA
4121,BIOMETAL ESMALTE BASE AGUA BASE TINT 1LT,BER4202L,OTRO,N/A,BOTE 1LT,ESMALTES,BASE AGUA
4122,PINTURA PARA TRANSITO AMARILLO 200LT,BER17T,AMARILLO,N/A,TAM 200LT,ESMALTES,TRANSITO 
4123,PINTURA PARA TRANSITO AMARILLO 19LT,BER17C,AMARILLO,N/A,CUB 19LT,ESMALTES,TRANSITO 
4124,PINTURA PARA TRANSITO AMARILLO 4LT,BER17G,AMARILLO,N/A,BOTE 4LT,ESMALTES,TRANSITO 
4125,PINTURA PARA TRANSITO BLANCO 200LT,BER23T,BLANCO,N/A,TAM 200LT,ESMALTES,TRANSITO 
4126,PINTURA PARA TRANSITO BLANCO 19LT,BER23C,BLANCO,N/A,CUB 19LT,ESMALTES,TRANSITO 
4127,PINTURA PARA TRANSITO BLANCO 4LT,BER23G,BLANCO,N/A,BOTE 4LT,ESMALTES,TRANSITO 
4128,FONDO ANTICORROSIVO NOXID 19LT,BER5505C,OTRO,N/A,CUB 19LT,ESMALTES,ANTICORROSIVOS
4129,FONDO ANTICORROSIVO NOXID 4LT,BER5505G,OTRO,N/A,BOTE 4LT,ESMALTES,ANTICORROSIVOS
4130,FONDO ANTICORROSIVO NOXID 1LT,BER5505L,OTRO,N/A,BOTE 1LT,ESMALTES,ANTICORROSIVOS
4131,FONDO ANTICORROSIVO NOXID 0.5LT,BER5505M,OTRO,N/A,BOTE 0.5LT,ESMALTES,ANTICORROSIVOS
4132,FONDO ANTICORROSIVO GRIS 19LT,BER5525C,OTRO,GRIS,CUB 19LT,ESMALTES,ANTICORROSIVOS
4133,FONDO ANTICORROSIVO GRIS 4LT,BER5525G,OTRO,GRIS,BOTE 4LT,ESMALTES,ANTICORROSIVOS
4134,FONDO ANTICORROSIVO GRIS 1LT,BER5525L,OTRO,GRIS,BOTE 1LT,ESMALTES,ANTICORROSIVOS
4135,SUPER FORMULA MANO TALLER ROJO OXIDO 19LT,BER3151C,ROJO,OXIDO,CUB 19LT,ESMALTES,ANTICORROSIVOS
4136,SUPER FORMULA MANO TALLER ROJO OXIDO 4LT,BER3151G,ROJO,OXIDO,BOTE 4LT,ESMALTES,ANTICORROSIVOS
4137,SUPER FORMULA MANO TALLER GRIS 19LT,BER3152C,OTRO,GRIS,CUB 19LT,ESMALTES,ANTICORROSIVOS
4138,SUPER FORMULA MANO TALLER GRIS 4LT,BER3152G,OTRO,GRIS,BOTE 4LT,ESMALTES,ANTICORROSIVOS
4139,REDUCTOR 1030 19LT,BER1030C,OTRO,N/A,CUB 19LT,ESMALTES,REDUCTORES
4140,REDUCTOR 1030 4LT,BER1030G,OTRO,N/A,BOTE 4LT,ESMALTES,REDUCTORES
4141,REDUCTOR 1030 1LT,BER1030L,OTRO,N/A,BOTE 1LT,ESMALTES,REDUCTORES
4142,REDUCTOR 1060 19LT,BER1060C,OTRO,N/A,CUB 19LT,ESMALTES,REDUCTORES
4143,REDUCTOR 1060 4LT,BER1060G,OTRO,N/A,BOTE 4LT,ESMALTES,REDUCTORES
4144,REDUCTOR 1060 1LT,BER1060L,OTRO,N/A,BOTE 1LT,ESMALTES,REDUCTORES
4145,REDUCTOR 1090 19LT,BER1090C,OTRO,N/A,CUB 19LT,ESMALTES,REDUCTORES
4146,REDUCTOR 1090 4LT,BER1090G,OTRO,N/A,BOTE 4LT,ESMALTES,REDUCTORES
4147,REDUCTOR 1090 1LT,BER1090L,OTRO,N/A,BOTE 1LT,ESMALTES,REDUCTORES
4148,REMOVEDOR BEREL LTO,BER1025L,OTRO,N/A,950 ML,ESMALTES,REMOVEDORES
4149,MATIZANTE PARA ESMALTE 4LT,BER1070G,OTRO,N/A,BOTE 4LT,ESMALTES,MATIZANTES
4150,MATIZANTE PARA ESMALTE 1LT,BER1070L,OTRO,N/A,BOTE 1LT,ESMALTES,MATIZANTES
4151,PINTURA PARA ALBERCA BLANCO 19LT,BER1523C,BLANCO,N/A,CUB 19LT,ESMALTES,ALBERCA
4152,PINTURA PARA ALBERCA BLANCO 4LT,BER1523G,BLANCO,N/A,BOTE 4LT,ESMALTES,ALBERCA
4153,PINTURA PARA ALBERCA AZUL CELESTE 19LT,BER1513C,AZUL,CELESTE,CUB 19LT,ESMALTES,ALBERCA
4154,PINTURA PARA ALBERCA AZUL CELESTE 4LT,BER1513G,AZUL,CELESTE,BOTE 4LT,ESMALTES,ALBERCA
4155,PINTURA PARA ALBERCA AQUA 19LT,BER1527C,OTRO,N/A,CUB 19LT,ESMALTES,ALBERCA
4156,PINTURA PARA ALBERCA AQUA 4LT,BER1527G,OTRO,N/A,BOTE 4LT,ESMALTES,ALBERCA
4157,BERALKID BARNIZ ALQUIDALICO TRANSPARENTE 19LT,BER1400C,OTRO,N/A,CUB 19LT,BARNIZ,BERALKID
4158,BERALKID BARNIZ ALQUIDALICO TRANSPARENTE 4LT,BER1400G,OTRO,N/A,BOTE 4LT,BARNIZ,BERALKID
4159,BERALKID BARNIZ ALQUIDALICO TRANSPARENTE 1LT,BER1400L,OTRO,N/A,BOTE 1LT,BARNIZ,BERALKID
4160,BERALKID BARNIZ ALQUIDALICO TRANSPARENTE 0.5LT,BER1400M,OTRO,N/A,BOTE 0.5LT,BARNIZ,BERALKID
4161,BERALKID BARNIZ ALQUIDALICO TRANSPARENTE 0.25LT,BER1400Q,OTRO,N/A,BOTE 0.25LT,BARNIZ,BERALKID
4162,BERALKID BARNIZ ALQUIDALICO ROBLE CLARO 4LT,BER1403G,OTRO,N/A,BOTE 4LT,BARNIZ,BERALKID
4163,BERALKID BARNIZ ALQUIDALICO ROBLE CLARO 1LT,BER1403L,OTRO,N/A,BOTE 1LT,BARNIZ,BERALKID
4164,BERALKID BARNIZ ALQUIDALICO ROBLE CLARO 0.5LT,BER1403M,OTRO,N/A,BOTE 0.5LT,BARNIZ,BERALKID
4165,BERALKID BARNIZ ALQUIDALICO ROBLE CLARO 0.25LT,BER1403Q,OTRO,N/A,BOTE 0.25LT,BARNIZ,BERALKID
4166,BERALKID BARNIZ ALQUIDALICO NOGAL 4LT,BER1412G,OTRO,N/A,BOTE 4LT,BARNIZ,BERALKID
4167,BERALKID BARNIZ ALQUIDALICO NOGAL 1LT,BER1412L,OTRO,N/A,BOTE 1LT,BARNIZ,BERALKID
4168,BERALKID BARNIZ ALQUIDALICO NOGAL 0.5LT,BER1412M,OTRO,N/A,BOTE 0.5LT,BARNIZ,BERALKID
4169,BERALKID BARNIZ ALQUIDALICO NOGAL 0.25LT,BER1412Q,OTRO,N/A,BOTE 0.25LT,BARNIZ,BERALKID
4170,BERALKID BARNIZ ALQUIDALICO MAPLE 4LT,BER1416G,OTRO,N/A,BOTE 4LT,BARNIZ,BERALKID
4171,BERALKID BARNIZ ALQUIDALICO MAPLE 1LT,BER1416L,OTRO,N/A,BOTE 1LT,BARNIZ,BERALKID
4172,BERALKID BARNIZ ALQUIDALICO MAPLE 0.5LT,BER1416M,OTRO,N/A,BOTE 0.5LT,BARNIZ,BERALKID
4173,BERALKID BARNIZ ALQUIDALICO MAPLE 0.25LT,BER1416Q,OTRO,N/A,BOTE 0.25LT,BARNIZ,BERALKID
4174,BERALKID BARNIZ ALQUIDALICO ROBLE MEDI O 4LT,BER1433G,OTRO,N/A,BOTE 4LT,BARNIZ,BERALKID
4175,BERALKID BARNIZ ALQUIDALICO ROBLE MEDI O 1LT,BER1433L,OTRO,N/A,BOTE 1LT,BARNIZ,BERALKID
4176,BERALKID BARNIZ ALQUIDALICO ROBLE MEDI O 0.5LT,BER1433M,OTRO,N/A,BOTE 0.5LT,BARNIZ,BERALKID
4177,BERALKID BARNIZ ALQUIDALICO ROBLE MEDI O 0.25LT,BER1433Q,OTRO,N/A,BOTE 0.25LT,BARNIZ,BERALKID
4178,BERALKID BARNIZ ALQUIDALICO CAOBA 4LT,BER1440G,OTRO,N/A,BOTE 4LT,BARNIZ,BERALKID
4179,BERALKID BARNIZ ALQUIDALICO CAOBA 1LT,BER1440L,OTRO,N/A,BOTE 1LT,BARNIZ,BERALKID
4180,BERALKID BARNIZ ALQUIDALICO CAOBA 0.5LT,BER1440M,OTRO,N/A,BOTE 0.5LT,BARNIZ,BERALKID
4181,BERALKID BARNIZ ALQUIDALICO CAOBA 0.25LT,BER1440Q,OTRO,N/A,BOTE 0.25LT,BARNIZ,BERALKID
4182,BARNIZ MARINO DE POLIURETANO 4LT,BER1100G,OTRO,N/A,BOTE 4LT,BARNIZ,POLIURETANO
4183,BARNIZ MARINO DE POLIURETANO 1LT,BER1100L,OTRO,N/A,BOTE 1LT,BARNIZ,POLIURETANO
4184,SUMMA BARNIZ ALQUIDALICO 19LT,BER1600C,OTRO,N/A,CUB 19LT,BARNIZ,SUMMA
4185,SUMMA BARNIZ ALQUIDALICO 4LT,BER1600G,OTRO,N/A,BOTE 4LT,BARNIZ,SUMMA
4186,SUMMA BARNIZ ALQUIDALICO 1LT,BER1600L,OTRO,N/A,BOTE 1LT,BARNIZ,SUMMA
4187,SUMMA BARNIZ ALQUIDALICO 0.5LT,BER1600M,OTRO,N/A,BOTE 0.5LT,BARNIZ,SUMMA
4188,SUMMA BARNIZ ALQUIDALICO 0.25LT,BER1600Q,OTRO,N/A,BOTE 0.25LT,BARNIZ,SUMMA
4189,SUMMA BARNIZ MATE 19LT,BER1670C,OTRO,MATE,CUB 19LT,BARNIZ,SUMMA
4190,SUMMA BARNIZ MATE 4LT,BER1670G,OTRO,MATE,BOTE 4LT,BARNIZ,SUMMA
4191,SUMMA BARNIZ MATE 1LT,BER1670L,OTRO,MATE,BOTE 1LT,BARNIZ,SUMMA
4192,SUMMA BARNIZ MATE 0.5LT,BER1670M,OTRO,MATE,BOTE 0.5LT,BARNIZ,SUMMA
4193,SUMMA BARNIZ MATE 0.25LT,BER1670Q,OTRO,MATE,BOTE 0.25LT,BARNIZ,SUMMA
4194,KALOS-TONE VINIL-ACRILICA BLANCO 19LT,BER7723C,BLANCO,N/A,CUB 19LT,VINIL ACRILICAS,KALOS TONE
4195,KALOS-TONE VINIL-ACRILICA BLANCO 4LT,BER7723G,BLANCO,N/A,BOTE 4LT,VINIL ACRILICAS,KALOS TONE
4196,KALOS-TONE VINIL-ACRILICA BLANCO 1LT,BER7723L,BLANCO,N/A,BOTE 1LT,VINIL ACRILICAS,KALOS TONE
4197,KALOS-TONE VINIL-ACRILICA AZUL PRINCESA 19LT,BER7713C,AZUL,PRINCESA,CUB 19LT,VINIL ACRILICAS,KALOS TONE
4198,KALOS-TONE VINIL-ACRILICA AZUL PRINCESA 4LT,BER7713G,AZUL,PRINCESA,BOTE 4LT,VINIL ACRILICAS,KALOS TONE
4199,KALOS-TONE VINIL-ACRILICA AZUL PRINCESA 1LT,BER7713L,AZUL,PRINCESA,BOTE 1LT,VINIL ACRILICAS,KALOS TONE
4200,KALOS-TONE VINIL-ACRILICA TURQUESA 19LT,BER7727C,OTRO,TURQUESA,CUB 19LT,VINIL ACRILICAS,KALOS TONE
4201,KALOS-TONE VINIL-ACRILICA TURQUESA 4LT,BER7727G,OTRO,TURQUESA,BOTE 4LT,VINIL ACRILICAS,KALOS TONE
4202,KALOS-TONE VINIL-ACRILICA TURQUESA 1LT,BER7727L,OTRO,TURQUESA,BOTE 1LT,VINIL ACRILICAS,KALOS TONE
4203,KALOS-TONE VINIL-ACRILICA VERDE LIMA 19LT,BER7708C,OTRO,VERDE,CUB 19LT,VINIL ACRILICAS,KALOS TONE
4204,KALOS-TONE VINIL-ACRILICA VERDE LIMA 4LT,BER7708G,OTRO,VERDE,BOTE 4LT,VINIL ACRILICAS,KALOS TONE
4205,KALOS-TONE VINIL-ACRILICA VERDE LIMA 1LT,BER7708L,OTRO,VERDE,BOTE 1LT,VINIL ACRILICAS,KALOS TONE
4206,KALOS-TONE VINIL-ACRILICA BLANCO OSTION 19LT,BER7743C,BLANCO,OSTION,CUB 19LT,VINIL ACRILICAS,KALOS TONE
4207,KALOS-TONE VINIL-ACRILICA BLANCO OSTION 4LT,BER7743G,BLANCO,OSTION,BOTE 4LT,VINIL ACRILICAS,KALOS TONE
4208,KALOS-TONE VINIL-ACRILICA BLANCO OSTION 1LT,BER7743L,BLANCO,OSTION,BOTE 1LT,VINIL ACRILICAS,KALOS TONE
4209,KALOS-TONE VINIL-ACRILICA ROSADO 19LT,BER7751C,OTRO,ROSA,CUB 19LT,VINIL ACRILICAS,KALOS TONE
4210,KALOS-TONE VINIL-ACRILICA ROSADO 4LT,BER7751G,OTRO,ROSA,BOTE 4LT,VINIL ACRILICAS,KALOS TONE
4211,KALOS-TONE VINIL-ACRILICA ROSADO 1LT,BER7751L,OTRO,ROSA,BOTE 1LT,VINIL ACRILICAS,KALOS TONE
4212,KALOS-TONE VINIL-ACRILICA MELON 19LT,BER7736C,OTRO,MELON,CUB 19LT,VINIL ACRILICAS,KALOS TONE
4213,KALOS-TONE VINIL-ACRILICA MELON 4LT,BER7736G,OTRO,MELON,BOTE 4LT,VINIL ACRILICAS,KALOS TONE
4214,KALOS-TONE VINIL-ACRILICA MELON 1LT,BER7736L,OTRO,MELON,BOTE 1LT,VINIL ACRILICAS,KALOS TONE
4215,KALOS-TONE VINIL-ACRILICA ROJO CORAL 19LT,BER7720C,ROJO,CORAL,CUB 19LT,VINIL ACRILICAS,KALOS TONE
4216,KALOS-TONE VINIL-ACRILICA ROJO CORAL 4LT,BER7720G,ROJO,CORAL,BOTE 4LT,VINIL ACRILICAS,KALOS TONE
4217,KALOS-TONE VINIL-ACRILICA ROJO CORAL 1LT,BER7720L,ROJO,CORAL,BOTE 1LT,VINIL ACRILICAS,KALOS TONE
4218,KALOS-TONE VINIL-ACRILICA SANDALO 19LT,BER7739C,OTRO,SANDALO,CUB 19LT,VINIL ACRILICAS,KALOS TONE
4219,KALOS-TONE VINIL-ACRILICA SANDALO 4LT,BER7739G,OTRO,SANDALO,BOTE 4LT,VINIL ACRILICAS,KALOS TONE
4220,KALOS-TONE VINIL-ACRILICA SANDALO 1LT,BER7739L,OTRO,SANDALO,BOTE 1LT,VINIL ACRILICAS,KALOS TONE
4221,KALOS-TONE VINIL-ACRILICA CREMA COLONIAL 19LT,BER7703C,OTRO,CREMA,CUB 19LT,VINIL ACRILICAS,KALOS TONE
4222,KALOS-TONE VINIL-ACRILICA CREMA COLONIAL 4LT,BER7703G,OTRO,CREMA,BOTE 4LT,VINIL ACRILICAS,KALOS TONE
4223,KALOS-TONE VINIL-ACRILICA CREMA COLONIAL 1LT,BER7703L,OTRO,CREMA,BOTE 1LT,VINIL ACRILICAS,KALOS TONE
4224,KALOS-TONE VINIL-ACRILICA VAINILLA 19LT,BER7707C,OTRO,VAINILLA,CUB 19LT,VINIL ACRILICAS,KALOS TONE
4225,KALOS-TONE VINIL-ACRILICA VAINILLA 4LT,BER7707G,OTRO,VAINILLA,BOTE 4LT,VINIL ACRILICAS,KALOS TONE
4226,KALOS-TONE VINIL-ACRILICA VAINILLA 1LT,BER7707L,OTRO,VAINILLA,BOTE 1LT,VINIL ACRILICAS,KALOS TONE
4227,KALOS-TONE VINIL-ACRILICA LILA 19LT,BER7745C,OTRO,LILA,CUB 19LT,VINIL ACRILICAS,KALOS TONE
4228,KALOS-TONE VINIL-ACRILICA LILA 4LT,BER7745G,OTRO,LILA,BOTE 4LT,VINIL ACRILICAS,KALOS TONE
4229,KALOS-TONE VINIL-ACRILICA LILA 1LT,BER7745L,OTRO,LILA,BOTE 1LT,VINIL ACRILICAS,KALOS TONE
4230,KALOS-TONE VINIL-ACRILICA GRIS PERLA 19LT,BER7715C,OTRO,GRIS,CUB 19LT,VINIL ACRILICAS,KALOS TONE
4231,KALOS-TONE VINIL-ACRILICA GRIS PERLA 4LT,BER7715G,OTRO,GRIS,BOTE 4LT,VINIL ACRILICAS,KALOS TONE
4232,KALOS-TONE VINIL-ACRILICA GRIS PERLA 1LT,BER7715L,OTRO,GRIS,BOTE 1LT,VINIL ACRILICAS,KALOS TONE
4233,KALOS-TONE VINIL-ACRILICA ROJO LADRILLO 19LT,BER7705C,ROJO,LADRILLO,CUB 19LT,VINIL ACRILICAS,KALOS TONE
4234,KALOS-TONE VINIL-ACRILICA ROJO LADRILLO 4LT,BER7705G,ROJO,LADRILLO,BOTE 4LT,VINIL ACRILICAS,KALOS TONE
4235,KALOS-TONE VINIL-ACRILICA ROJO LADRILLO 1LT,BER7705L,ROJO,LADRILLO,BOTE 1LT,VINIL ACRILICAS,KALOS TONE
4236,KALOS-TONE VINIL-ACRILICA BASE PASTEL 19LT,BER7001C,OTRO,N/A,CUB 19LT,VINIL ACRILICAS,KALOS TONE
4237,KALOS-TONE VINIL-ACRILICA BASE PASTEL 4LT,BER7001G,OTRO,N/A,BOTE 4LT,VINIL ACRILICAS,KALOS TONE
4238,KALOS-TONE VINIL-ACRILICA BASE PASTEL 1LT,BER7001L,OTRO,N/A,BOTE 1LT,VINIL ACRILICAS,KALOS TONE
4239,KALOS-TONE VINIL-ACRILICA BASE TINT 19LT,BER7002C,OTRO,N/A,CUB 19LT,VINIL ACRILICAS,KALOS TONE
4240,KALOS-TONE VINIL-ACRILICA BASE TINT 4LT,BER7002G,OTRO,N/A,BOTE 4LT,VINIL ACRILICAS,KALOS TONE
4241,KALOS-TONE VINIL-ACRILICA BASE TINT 1LT,BER7002L,OTRO,N/A,BOTE 1LT,VINIL ACRILICAS,KALOS TONE
4242,KALOS-TONE VINIL-ACRILICA BASE DEEP 19LT,BER7003C,OTRO,N/A,CUB 19LT,VINIL ACRILICAS,KALOS TONE
4243,KALOS-TONE VINIL-ACRILICA BASE DEEP 4LT,BER7003G,OTRO,N/A,BOTE 4LT,VINIL ACRILICAS,KALOS TONE
4244,KALOS-TONE VINIL-ACRILICA BASE DEEP 1LT,BER7003L,OTRO,N/A,BOTE 1LT,VINIL ACRILICAS,KALOS TONE
4245,KALOS-TONE VINIL-ACRILICA SATIN BLANCO 19LT,BER7773C,BLANCO,N/A,CUB 19LT,VINIL ACRILICAS,KALOS TONE SATIN 
4246,KALOS-TONE VINIL-ACRILICA SATIN BLANCO 4LT,BER7773G,BLANCO,N/A,BOTE 4LT,VINIL ACRILICAS,KALOS TONE SATIN 
4247,KALOS-TONE VINIL-ACRILICA SATIN BLANCO 1LT,BER7773L,BLANCO,N/A,BOTE 1LT,VINIL ACRILICAS,KALOS TONE SATIN 
4248,KALOS-TONE VINIL-ACRILICA SATIN BASE PASTEL 19LT,BER7071C,OTRO,N/A,CUB 19LT,VINIL ACRILICAS,KALOS TONE SATIN 
4249,KALOS-TONE VINIL-ACRILICA SATIN BASE PASTEL 4LT,BER7071G,OTRO,N/A,BOTE 4LT,VINIL ACRILICAS,KALOS TONE SATIN 
4250,KALOS-TONE VINIL-ACRILICA SATIN BASE PASTEL 1LT,BER7071L,OTRO,N/A,BOTE 1LT,VINIL ACRILICAS,KALOS TONE SATIN 
4251,KALOS-TONE VINIL-ACRILICA SATIN BASE TINT 19LT,BER7072C,OTRO,N/A,CUB 19LT,VINIL ACRILICAS,KALOS TONE SATIN 
4252,KALOS-TONE VINIL-ACRILICA SATIN BASE TINT 4LT,BER7072G,OTRO,N/A,BOTE 4LT,VINIL ACRILICAS,KALOS TONE SATIN 
4253,KALOS-TONE VINIL-ACRILICA SATIN BASE TINT 1LT,BER7072L,OTRO,N/A,BOTE 1LT,VINIL ACRILICAS,KALOS TONE SATIN 
4254,KALOS-TONE VINIL-ACRILICA SATIN BASE DEEP 19LT,BER7073C,OTRO,N/A,CUB 19LT,VINIL ACRILICAS,KALOS TONE SATIN 
4255,KALOS-TONE VINIL-ACRILICA SATIN BASE DEEP 4LT,BER7073G,OTRO,N/A,BOTE 4LT,VINIL ACRILICAS,KALOS TONE SATIN 
4256,KALOS-TONE VINIL-ACRILICA SATIN BASE DEEP 1LT,BER7073L,OTRO,N/A,BOTE 1LT,VINIL ACRILICAS,KALOS TONE SATIN 
4257,KALOS-TONE VINIL-ACRILICA SATIN AMARILLO CKLASS 19LT,770186,AMARILLO,N/A,CUB 19LT,VINIL ACRILICAS,KALOS TONE SATIN 
4258,BERELINTE VINIL-ACRILICA NARANJA 19LT,BER821C,OTRO,NARANJA,CUB 19LT,VINIL ACRILICAS,BERELINTE
4259,BERELINTE VINIL-ACRILICA NARANJA 4LT,BER821G,OTRO,NARANJA,BOTE 4LT,VINIL ACRILICAS,BERELINTE
4260,BERELINTE VINIL-ACRILICA NARANJA 1LT,BER821L,OTRO,NARANJA,BOTE 1LT,VINIL ACRILICAS,BERELINTE
4261,BERELINTE VINIL-ACRILICA ROJO SULTANA 19LT,BER840C,ROJO,SULTANA,CUB 19LT,VINIL ACRILICAS,BERELINTE
4262,BERELINTE VINIL-ACRILICA ROJO SULTANA 4LT,BER840G,ROJO,SULTANA,BOTE 4LT,VINIL ACRILICAS,BERELINTE
4263,BERELINTE VINIL-ACRILICA ROJO SULTANA 1LT,BER840L,ROJO,SULTANA,BOTE 1LT,VINIL ACRILICAS,BERELINTE
4264,BERELINTE VINIL-ACRILICA AZUL INTENSO 19LT,BER894C,AZUL,INTENSO,CUB 19LT,VINIL ACRILICAS,BERELINTE
4265,BERELINTE VINIL-ACRILICA AZUL INTENSO 4LT,BER894G,AZUL,INTENSO,BOTE 4LT,VINIL ACRILICAS,BERELINTE
4266,BERELINTE VINIL-ACRILICA AZUL INTENSO 1LT,BER894L,AZUL,INTENSO,BOTE 1LT,VINIL ACRILICAS,BERELINTE
4267,BERELINTE VINIL-ACRILICA VERDE INTENSO 19LT,BER898C,OTRO,INTENSO,CUB 19LT,VINIL ACRILICAS,BERELINTE
4268,BERELINTE VINIL-ACRILICA VERDE INTENSO 4LT,BER898G,OTRO,INTENSO,BOTE 4LT,VINIL ACRILICAS,BERELINTE
4269,BERELINTE VINIL-ACRILICA VERDE INTENSO 1LT,BER898L,OTRO,INTENSO,BOTE 1LT,VINIL ACRILICAS,BERELINTE
4270,BERELINTE VINIL-ACRILICA VIOLETA 19LT,BER895C,OTRO,VIOLETA,CUB 19LT,VINIL ACRILICAS,BERELINTE
4271,BERELINTE VINIL-ACRILICA VIOLETA 4LT,BER895G,OTRO,VIOLETA,BOTE 4LT,VINIL ACRILICAS,BERELINTE
4272,BERELINTE VINIL-ACRILICA VIOLETA 1LT,BER895L,OTRO,VIOLETA,BOTE 1LT,VINIL ACRILICAS,BERELINTE
4273,BERELINTE VINIL-ACRILICA AMARILLO INTENSO 19LT,BER897C,AMARILLO,INTENSO,CUB 19LT,VINIL ACRILICAS,BERELINTE
4274,BERELINTE VINIL-ACRILICA AMARILLO INTENSO 4LT,BER897G,AMARILLO,INTENSO,BOTE 4LT,VINIL ACRILICAS,BERELINTE
4275,BERELINTE VINIL-ACRILICA AMARILLO INTENSO 1LT,BER897L,AMARILLO,INTENSO,BOTE 1LT,VINIL ACRILICAS,BERELINTE
4276,BERELINTE VINIL-ACRILICA BEIGE 19LT,BER802C,OTRO,N/A,CUB 19LT,VINIL ACRILICAS,BERELINTE
4277,BERELINTE VINIL-ACRILICA BEIGE 4LT,BER802G,OTRO,N/A,BOTE 4LT,VINIL ACRILICAS,BERELINTE
4278,BERELINTE VINIL-ACRILICA BEIGE 1LT,BER802L,OTRO,N/A,BOTE 1LT,VINIL ACRILICAS,BERELINTE
4279,BERELINTE VINIL-ACRILICA CREMA COLONIAL 19LT,BER803C,OTRO,CREMA,CUB 19LT,VINIL ACRILICAS,BERELINTE
4280,BERELINTE VINIL-ACRILICA CREMA COLONIAL 4LT,BER803G,OTRO,CREMA,BOTE 4LT,VINIL ACRILICAS,BERELINTE
4281,BERELINTE VINIL-ACRILICA CREMA COLONIAL 1LT,BER803L,OTRO,CREMA,BOTE 1LT,VINIL ACRILICAS,BERELINTE
4282,BERELINTE VINIL-ACRILICA ROJO LADRILLO 19LT,BER805C,ROJO,LADRILLO,CUB 19LT,VINIL ACRILICAS,BERELINTE
4283,BERELINTE VINIL-ACRILICA ROJO LADRILLO 4LT,BER805G,ROJO,LADRILLO,BOTE 4LT,VINIL ACRILICAS,BERELINTE
4284,BERELINTE VINIL-ACRILICA ROJO LADRILLO 1LT,BER805L,ROJO,LADRILLO,BOTE 1LT,VINIL ACRILICAS,BERELINTE
4285,BERELINTE VINIL-ACRILICA VERDE PRADO 19LT,BER808C,OTRO,VERDE,CUB 19LT,VINIL ACRILICAS,BERELINTE
4286,BERELINTE VINIL-ACRILICA VERDE PRADO 4LT,BER808G,OTRO,VERDE,BOTE 4LT,VINIL ACRILICAS,BERELINTE
4287,BERELINTE VINIL-ACRILICA VERDE PRADO 1LT,BER808L,OTRO,VERDE,BOTE 1LT,VINIL ACRILICAS,BERELINTE
4288,BERELINTE VINIL-ACRILICA VERDE ARMONIA 19LT,BER809C,OTRO,VERDE,CUB 19LT,VINIL ACRILICAS,BERELINTE
4289,BERELINTE VINIL-ACRILICA VERDE ARMONIA 4LT,BER809G,OTRO,VERDE,BOTE 4LT,VINIL ACRILICAS,BERELINTE
4290,BERELINTE VINIL-ACRILICA VERDE ARMONIA 1LT,BER809L,OTRO,VERDE,BOTE 1LT,VINIL ACRILICAS,BERELINTE
4291,BERELINTE VINIL-ACRILICA MARFIL 19LT,BER810C,OTRO,MARFIL,CUB 19LT,VINIL ACRILICAS,BERELINTE
4292,BERELINTE VINIL-ACRILICA MARFIL 4LT,BER810G,OTRO,MARFIL,BOTE 4LT,VINIL ACRILICAS,BERELINTE
4293,BERELINTE VINIL-ACRILICA MARFIL 1LT,BER810L,OTRO,MARFIL,BOTE 1LT,VINIL ACRILICAS,BERELINTE
4294,BERELINTE VINIL-ACRILICA CELESTE 19LT,BER813C,OTRO,CELESTE,CUB 19LT,VINIL ACRILICAS,BERELINTE
4295,BERELINTE VINIL-ACRILICA CELESTE 4LT,BER813G,OTRO,CELESTE,BOTE 4LT,VINIL ACRILICAS,BERELINTE
4296,BERELINTE VINIL-ACRILICA CELESTE 1LT,BER813L,OTRO,CELESTE,BOTE 1LT,VINIL ACRILICAS,BERELINTE
4297,BERELINTE VINIL-ACRILICA AZUL MEDITERRANEO 19LT,BER814C,AZUL,MEDITERRANEO,CUB 19LT,VINIL ACRILICAS,BERELINTE
4298,BERELINTE VINIL-ACRILICA AZUL MEDITERRANEO 4LT,BER814G,AZUL,MEDITERRANEO,BOTE 4LT,VINIL ACRILICAS,BERELINTE
4299,BERELINTE VINIL-ACRILICA AZUL MEDITERRANEO 1LT,BER814L,AZUL,MEDITERRANEO,BOTE 1LT,VINIL ACRILICAS,BERELINTE
4300,BERELINTE VINIL-ACRILICA GRIS FRANCES 19LT,BER815C,OTRO,GRIS,CUB 19LT,VINIL ACRILICAS,BERELINTE
4301,BERELINTE VINIL-ACRILICA GRIS FRANCES 4LT,BER815G,OTRO,GRIS,BOTE 4LT,VINIL ACRILICAS,BERELINTE
4302,BERELINTE VINIL-ACRILICA GRIS FRANCES 1LT,BER815L,OTRO,GRIS,BOTE 1LT,VINIL ACRILICAS,BERELINTE
4303,BERELINTE VINIL-ACRILICA AMARILLO TRIGO 19LT,BER817C,AMARILLO,TRIGO,CUB 19LT,VINIL ACRILICAS,BERELINTE
4304,BERELINTE VINIL-ACRILICA AMARILLO TRIGO 4LT,BER817G,AMARILLO,TRIGO,BOTE 4LT,VINIL ACRILICAS,BERELINTE
4305,BERELINTE VINIL-ACRILICA AMARILLO TRIGO 1LT,BER817L,AMARILLO,TRIGO,BOTE 1LT,VINIL ACRILICAS,BERELINTE
4306,BERELINTE VINIL-ACRILICA ROJO CORAL 19LT,BER820C,ROJO,CORAL,CUB 19LT,VINIL ACRILICAS,BERELINTE
4307,BERELINTE VINIL-ACRILICA ROJO CORAL 4LT,BER820G,ROJO,CORAL,BOTE 4LT,VINIL ACRILICAS,BERELINTE
4308,BERELINTE VINIL-ACRILICA ROJO CORAL 1LT,BER820L,ROJO,CORAL,BOTE 1LT,VINIL ACRILICAS,BERELINTE
4309,BERELINTE VINIL-ACRILICA BLANCO 200LT,BER823T,BLANCO,N/A,TAM 200LT,VINIL ACRILICAS,BERELINTE
4310,BERELINTE VINIL-ACRILICA BLANCO 19LT,BER823C,BLANCO,N/A,CUB 19LT,VINIL ACRILICAS,BERELINTE
4311,BERELINTE VINIL-ACRILICA BLANCO 4LT,BER823G,BLANCO,N/A,BOTE 4LT,VINIL ACRILICAS,BERELINTE
4312,BERELINTE VINIL-ACRILICA BLANCO 1LT,BER823L,BLANCO,N/A,BOTE 1LT,VINIL ACRILICAS,BERELINTE
4313,BERELINTE VINIL-ACRILICA NEGRO 19LT,BER824C,NEGRO,N/A,CUB 19LT,VINIL ACRILICAS,BERELINTE
4314,BERELINTE VINIL-ACRILICA NEGRO 4LT,BER824G,NEGRO,N/A,BOTE 4LT,VINIL ACRILICAS,BERELINTE
4315,BERELINTE VINIL-ACRILICA NEGRO 1LT,BER824L,NEGRO,N/A,BOTE 1LT,VINIL ACRILICAS,BERELINTE
4316,BERELINTE VINIL-ACRILICA AGUAMARINA 19LT,BER827C,OTRO,AGUAMARINA,CUB 19LT,VINIL ACRILICAS,BERELINTE
4317,BERELINTE VINIL-ACRILICA AGUAMARINA 4LT,BER827G,OTRO,AGUAMARINA,BOTE 4LT,VINIL ACRILICAS,BERELINTE
4318,BERELINTE VINIL-ACRILICA AGUAMARINA 1LT,BER827L,OTRO,AGUAMARINA,BOTE 1LT,VINIL ACRILICAS,BERELINTE
4319,BERELINTE VINIL-ACRILICA ROSA DE CASTILLA 19LT,BER831C,OTRO,ROSA,CUB 19LT,VINIL ACRILICAS,BERELINTE
4320,BERELINTE VINIL-ACRILICA ROSA DE CASTILLA 4LT,BER831G,OTRO,ROSA,BOTE 4LT,VINIL ACRILICAS,BERELINTE
4321,BERELINTE VINIL-ACRILICA ROSA DE CASTILLA 1LT,BER831L,OTRO,ROSA,BOTE 1LT,VINIL ACRILICAS,BERELINTE
4322,BERELINTE VINIL-ACRILICA OCRE 19LT,BER833C,OTRO,OCRE,CUB 19LT,VINIL ACRILICAS,BERELINTE
4323,BERELINTE VINIL-ACRILICA OCRE 4LT,BER833G,OTRO,OCRE,BOTE 4LT,VINIL ACRILICAS,BERELINTE
4324,BERELINTE VINIL-ACRILICA OCRE 1LT,BER833L,OTRO,OCRE,BOTE 1LT,VINIL ACRILICAS,BERELINTE
4325,BERELINTE VINIL-ACRILICA AZUL REY 19LT,BER834C,AZUL,REY,CUB 19LT,VINIL ACRILICAS,BERELINTE
4326,BERELINTE VINIL-ACRILICA AZUL REY 4LT,BER834G,AZUL,REY,BOTE 4LT,VINIL ACRILICAS,BERELINTE
4327,BERELINTE VINIL-ACRILICA AZUL REY 1LT,BER834L,AZUL,REY,BOTE 1LT,VINIL ACRILICAS,BERELINTE
4328,BERELINTE VINIL-ACRILICA GRIS ROMANO 19LT,BER835C,OTRO,GRIS,CUB 19LT,VINIL ACRILICAS,BERELINTE
4329,BERELINTE VINIL-ACRILICA GRIS ROMANO 4LT,BER835G,OTRO,GRIS,BOTE 4LT,VINIL ACRILICAS,BERELINTE
4330,BERELINTE VINIL-ACRILICA GRIS ROMANO 1LT,BER835L,OTRO,GRIS,BOTE 1LT,VINIL ACRILICAS,BERELINTE
4331,BERELINTE VINIL-ACRILICA DURAZNO 19LT,BER836C,OTRO,DURAZNO,CUB 19LT,VINIL ACRILICAS,BERELINTE
4332,BERELINTE VINIL-ACRILICA DURAZNO 4LT,BER836G,OTRO,DURAZNO,BOTE 4LT,VINIL ACRILICAS,BERELINTE
4333,BERELINTE VINIL-ACRILICA DURAZNO 1LT,BER836L,OTRO,DURAZNO,BOTE 1LT,VINIL ACRILICAS,BERELINTE
4334,BERELINTE VINIL-ACRILICA CAFÉ 19LT,BER837C,OTRO,CAFÉ,CUB 19LT,VINIL ACRILICAS,BERELINTE
4335,BERELINTE VINIL-ACRILICA CAFÉ 4LT,BER837G,OTRO,CAFÉ,BOTE 4LT,VINIL ACRILICAS,BERELINTE
4336,BERELINTE VINIL-ACRILICA CAFÉ 1LT,BER837L,OTRO,CAFÉ,BOTE 1LT,VINIL ACRILICAS,BERELINTE
4337,BERELINTE VINIL-ACRILICA VERDE MALVA 19LT,BER838C,OTRO,VERDE,CUB 19LT,VINIL ACRILICAS,BERELINTE
4338,BERELINTE VINIL-ACRILICA VERDE MALVA 4LT,BER838G,OTRO,VERDE,BOTE 4LT,VINIL ACRILICAS,BERELINTE
4339,BERELINTE VINIL-ACRILICA VERDE MALVA 1LT,BER838L,OTRO,VERDE,BOTE 1LT,VINIL ACRILICAS,BERELINTE
4340,BERELINTE VINIL-ACRILICA ROSA TROPICANA 19LT,BER839C,OTRO,ROSA,CUB 19LT,VINIL ACRILICAS,BERELINTE
4341,BERELINTE VINIL-ACRILICA ROSA TROPICANA 4LT,BER839G,OTRO,ROSA,BOTE 4LT,VINIL ACRILICAS,BERELINTE
4342,BERELINTE VINIL-ACRILICA ROSA TROPICANA 1LT,BER839L,OTRO,ROSA,BOTE 1LT,VINIL ACRILICAS,BERELINTE
4343,BERELINTE VINIL-ACRILICA BLANCO OSTION 19LT,BER843C,BLANCO,OSTION,CUB 19LT,VINIL ACRILICAS,BERELINTE
4344,BERELINTE VINIL-ACRILICA BLANCO OSTION 4LT,BER843G,BLANCO,OSTION,BOTE 4LT,VINIL ACRILICAS,BERELINTE
4345,BERELINTE VINIL-ACRILICA BLANCO OSTION 1LT,BER843L,BLANCO,OSTION,BOTE 1LT,VINIL ACRILICAS,BERELINTE
4346,BERELINTE VINIL-ACRILICA NIEBLA 19LT,BER844C,OTRO,NIEBLA,CUB 19LT,VINIL ACRILICAS,BERELINTE
4347,BERELINTE VINIL-ACRILICA NIEBLA 4LT,BER844G,OTRO,NIEBLA,BOTE 4LT,VINIL ACRILICAS,BERELINTE
4348,BERELINTE VINIL-ACRILICA NIEBLA 1LT,BER844L,OTRO,NIEBLA,BOTE 1LT,VINIL ACRILICAS,BERELINTE
4349,BERELINTE VINIL-ACRILICA MELON 19LT,BER860C,OTRO,MELON,CUB 19LT,VINIL ACRILICAS,BERELINTE
4350,BERELINTE VINIL-ACRILICA MELON 4LT,BER860G,OTRO,MELON,BOTE 4LT,VINIL ACRILICAS,BERELINTE
4351,BERELINTE VINIL-ACRILICA MELON 1LT,BER860L,OTRO,MELON,BOTE 1LT,VINIL ACRILICAS,BERELINTE
4352,BERELINTE VINIL-ACRILICA ALMENDRA 19LT,BER862C,OTRO,ALMENDRA,CUB 19LT,VINIL ACRILICAS,BERELINTE
4353,BERELINTE VINIL-ACRILICA ALMENDRA 4LT,BER862G,OTRO,ALMENDRA,BOTE 4LT,VINIL ACRILICAS,BERELINTE
4354,BERELINTE VINIL-ACRILICA ALMENDRA 1LT,BER862L,OTRO,ALMENDRA,BOTE 1LT,VINIL ACRILICAS,BERELINTE
4355,BERELINTE VINIL-ACRILICA COCOA 19LT,BER892C,OTRO,COCOA,CUB 19LT,VINIL ACRILICAS,BERELINTE
4356,BERELINTE VINIL-ACRILICA COCOA 4LT,BER892G,OTRO,COCOA,BOTE 4LT,VINIL ACRILICAS,BERELINTE
4357,BERELINTE VINIL-ACRILICA COCOA 1LT,BER892L,OTRO,COCOA,BOTE 1LT,VINIL ACRILICAS,BERELINTE
4358,BERELINTE VINIL-ACRILICA AMARILLO OXIDO 19LT,BER893C,AMARILLO,OXIDO,CUB 19LT,VINIL ACRILICAS,BERELINTE
4359,BERELINTE VINIL-ACRILICA AMARILLO OXIDO 4LT,BER893G,AMARILLO,OXIDO,BOTE 4LT,VINIL ACRILICAS,BERELINTE
4360,BERELINTE VINIL-ACRILICA AMARILLO OXIDO 1LT,BER893L,AMARILLO,OXIDO,BOTE 1LT,VINIL ACRILICAS,BERELINTE
4361,BERELINTE VINIL-ACRILICA BASE PASTEL 19LT,BER8001C,OTRO,N/A,CUB 19LT,VINIL ACRILICAS,BERELINTE
4362,BERELINTE VINIL-ACRILICA BASE PASTEL 4LT,BER8001G,OTRO,N/A,BOTE 4LT,VINIL ACRILICAS,BERELINTE
4363,BERELINTE VINIL-ACRILICA BASE PASTEL 1LT,BER8001L,OTRO,N/A,BOTE 1LT,VINIL ACRILICAS,BERELINTE
4364,BERELINTE VINIL-ACRILICA BASE TINT 19LT,BER8002C,OTRO,N/A,CUB 19LT,VINIL ACRILICAS,BERELINTE
4365,BERELINTE VINIL-ACRILICA BASE TINT 4LT,BER8002G,OTRO,N/A,BOTE 4LT,VINIL ACRILICAS,BERELINTE
4366,BERELINTE VINIL-ACRILICA BASE TINT 1LT,BER8002L,OTRO,N/A,BOTE 1LT,VINIL ACRILICAS,BERELINTE
4367,BERELINTE VINIL-ACRILICA BASE DEEP 19LT,BER8003C,OTRO,N/A,CUB 19LT,VINIL ACRILICAS,BERELINTE
4368,BERELINTE VINIL-ACRILICA BASE DEEP 4LT,BER8003G,OTRO,N/A,BOTE 4LT,VINIL ACRILICAS,BERELINTE
4369,BERELINTE VINIL-ACRILICA BASE DEEP 1LT,BER8003L,OTRO,N/A,BOTE 1LT,VINIL ACRILICAS,BERELINTE
4370,BERELINTE VINIL-ACRILICA BASE NEUTRA 19LT,BER8005C,OTRO,N/A,CUB 19LT,VINIL ACRILICAS,BERELINTE
4371,BERELINTE VINIL-ACRILICA BASE NEUTRA 4LT,BER8005G,OTRO,N/A,BOTE 4LT,VINIL ACRILICAS,BERELINTE
4372,BERELINTE VINIL-ACRILICA BASE NEUTRA 1LT,BER8005L,OTRO,N/A,BOTE 1LT,VINIL ACRILICAS,BERELINTE
4373,MULTITONO VINIL-ACRILICA BASE PASTEL 19LT,BER1801C,OTRO,N/A,CUB 19LT,VINIL ACRILICAS,MULTITONO VINILICAS
4374,MULTITONO VINIL-ACRILICA BASE PASTEL 4LT,BER1801G,OTRO,N/A,BOTE 4LT,VINIL ACRILICAS,MULTITONO VINILICAS
4375,MULTITONO VINIL-ACRILICA BASE PASTEL 1LT,BER1801L,OTRO,N/A,BOTE 1LT,VINIL ACRILICAS,MULTITONO VINILICAS
4376,MULTITONO VINIL-ACRILICA BASE TINT 19LT,BER1802C,OTRO,N/A,CUB 19LT,VINIL ACRILICAS,MULTITONO VINILICAS
4377,MULTITONO VINIL-ACRILICA BASE TINT 4LT,BER1802G,OTRO,N/A,BOTE 4LT,VINIL ACRILICAS,MULTITONO VINILICAS
4378,MULTITONO VINIL-ACRILICA BASE TINT 1LT,BER1802L,OTRO,N/A,BOTE 1LT,VINIL ACRILICAS,MULTITONO VINILICAS
4379,MULTITONO VINIL-ACRILICA BASE DEEP 19LT,BER1803C,OTRO,N/A,CUB 19LT,VINIL ACRILICAS,MULTITONO VINILICAS
4380,MULTITONO VINIL-ACRILICA BASE DEEP 4LT,BER1803G,OTRO,N/A,BOTE 4LT,VINIL ACRILICAS,MULTITONO VINILICAS
4381,MULTITONO VINIL-ACRILICA BASE DEEP 1LT,BER1803L,OTRO,N/A,BOTE 1LT,VINIL ACRILICAS,MULTITONO VINILICAS
4382,MULTITONO VINIL-ACRILICA BASE NEUTRA 19LT,BER1805C,OTRO,N/A,CUB 19LT,VINIL ACRILICAS,MULTITONO VINILICAS
4383,MULTITONO VINIL-ACRILICA BASE NEUTRA 4LT,BER1805G,OTRO,N/A,BOTE 4LT,VINIL ACRILICAS,MULTITONO VINILICAS
4384,MULTITONO VINIL-ACRILICA BASE NEUTRA 1LT,BER1805L,OTRO,N/A,BOTE 1LT,VINIL ACRILICAS,MULTITONO VINILICAS
4385,BERELEX VINIL-ACRILICA VERDE MUSGO 19LT,BER206C,OTRO,VERDE,CUB 19LT,VINIL ACRILICAS,BERELEX
4386,BERELEX VINIL-ACRILICA VERDE MUSGO 4LT,BER206G,OTRO,VERDE,BOTE 4LT,VINIL ACRILICAS,BERELEX
4387,BERELEX VINIL-ACRILICA VERDE MUSGO 1LT,BER206L,OTRO,VERDE,BOTE 1LT,VINIL ACRILICAS,BERELEX
4388,BERELEX VINIL-ACRILICA ROJO LADRILLO 19LT,BER205C,ROJO,LADRILLO,CUB 19LT,VINIL ACRILICAS,BERELEX
4389,BERELEX VINIL-ACRILICA ROJO LADRILLO 4LT,BER205G,ROJO,LADRILLO,BOTE 4LT,VINIL ACRILICAS,BERELEX
4390,BERELEX VINIL-ACRILICA ROJO LADRILLO 1LT,BER205L,ROJO,LADRILLO,BOTE 1LT,VINIL ACRILICAS,BERELEX
4391,BERELEX VINIL-ACRILICA VERDE PRIMAVERA 19LT,BER208C,OTRO,VERDE,CUB 19LT,VINIL ACRILICAS,BERELEX
4392,BERELEX VINIL-ACRILICA VERDE PRIMAVERA 4LT,BER208G,OTRO,VERDE,BOTE 4LT,VINIL ACRILICAS,BERELEX
4393,BERELEX VINIL-ACRILICA VERDE PRIMAVERA 1LT,BER208L,OTRO,VERDE,BOTE 1LT,VINIL ACRILICAS,BERELEX
4394,BERELEX VINIL-ACRILICA AZUL RIVIERA 19LT,BER214C,AZUL,RIVIERA,CUB 19LT,VINIL ACRILICAS,BERELEX
4395,BERELEX VINIL-ACRILICA AZUL RIVIERA 4LT,BER214G,AZUL,RIVIERA,BOTE 4LT,VINIL ACRILICAS,BERELEX
4396,BERELEX VINIL-ACRILICA AZUL RIVIERA 1LT,BER214L,AZUL,RIVIERA,BOTE 1LT,VINIL ACRILICAS,BERELEX
4397,BERELEX VINIL-ACRILICA GRIS PERLA 19LT,BER215C,OTRO,GRIS,CUB 19LT,VINIL ACRILICAS,BERELEX
4398,BERELEX VINIL-ACRILICA GRIS PERLA 4LT,BER215G,OTRO,GRIS,BOTE 4LT,VINIL ACRILICAS,BERELEX
4399,BERELEX VINIL-ACRILICA GRIS PERLA 1LT,BER215L,OTRO,GRIS,BOTE 1LT,VINIL ACRILICAS,BERELEX
4400,BERELEX VINIL-ACRILICA AMARILLO INTENSO 4LT,BER217G,AMARILLO,INTENSO,BOTE 4LT,VINIL ACRILICAS,BERELEX
4401,BERELEX VINIL-ACRILICA AMARILLO INTENSO 1LT,BER217L,AMARILLO,INTENSO,BOTE 1LT,VINIL ACRILICAS,BERELEX
4402,BERELEX VINIL-ACRILICA APIO 19LT,BER219C,OTRO,APIO,CUB 19LT,VINIL ACRILICAS,BERELEX
4403,BERELEX VINIL-ACRILICA APIO 4LT,BER219G,OTRO,APIO,BOTE 4LT,VINIL ACRILICAS,BERELEX
4404,BERELEX VINIL-ACRILICA APIO 1LT,BER219L,OTRO,APIO,BOTE 1LT,VINIL ACRILICAS,BERELEX
4405,BERELEX VINIL-ACRILICA MANDARINA 19LT,BER221C,OTRO,N/A,CUB 19LT,VINIL ACRILICAS,BERELEX
4406,BERELEX VINIL-ACRILICA MANDARINA 4LT,BER221G,OTRO,N/A,BOTE 4LT,VINIL ACRILICAS,BERELEX
4407,BERELEX VINIL-ACRILICA MANDARINA 1LT,BER221L,OTRO,N/A,BOTE 1LT,VINIL ACRILICAS,BERELEX
4408,BERELEX VINIL-ACRILICA CREMA 19LT,BER203C,OTRO,CREMA,CUB 19LT,VINIL ACRILICAS,BERELEX
4409,BERELEX VINIL-ACRILICA CREMA 4LT,BER203G,OTRO,CREMA,BOTE 4LT,VINIL ACRILICAS,BERELEX
4410,BERELEX VINIL-ACRILICA CREMA 1LT,BER203L,OTRO,CREMA,BOTE 1LT,VINIL ACRILICAS,BERELEX
4411,BERELEX VINIL-ACRILICA BLANCO 19LT,BER223C,BLANCO,N/A,CUB 19LT,VINIL ACRILICAS,BERELEX
4412,BERELEX VINIL-ACRILICA BLANCO 4LT,BER223G,BLANCO,N/A,BOTE 4LT,VINIL ACRILICAS,BERELEX
4413,BERELEX VINIL-ACRILICA BLANCO 1LT,BER223L,BLANCO,N/A,BOTE 1LT,VINIL ACRILICAS,BERELEX
4414,BERELEX VINIL-ACRILICA BASE PATEL 19LT,BER1301C,OTRO,N/A,CUB 19LT,VINIL ACRILICAS,BERELEX
4415,BERELEX VINIL-ACRILICA BASE PATEL 4LT,BER1301G,OTRO,N/A,BOTE 4LT,VINIL ACRILICAS,BERELEX
4416,BERELEX VINIL-ACRILICA BASE PATEL 1LT,BER1301L,OTRO,N/A,BOTE 1LT,VINIL ACRILICAS,BERELEX
4417,BERELEX VINIL-ACRILICA BASE TINT 19LT,BER1302C,OTRO,N/A,CUB 19LT,VINIL ACRILICAS,BERELEX
4418,BERELEX VINIL-ACRILICA BASE TINT 4LT,BER1302G,OTRO,N/A,BOTE 4LT,VINIL ACRILICAS,BERELEX
4419,BERELEX VINIL-ACRILICA BASE TINT 1LT,BER1302L,OTRO,N/A,BOTE 1LT,VINIL ACRILICAS,BERELEX
4420,BERELEX VINIL-ACRILICA BASE DEEP 19LT,BER1303C,OTRO,N/A,CUB 19LT,VINIL ACRILICAS,BERELEX
4421,BERELEX VINIL-ACRILICA BASE DEEP 4LT,BER1303G,OTRO,N/A,BOTE 4LT,VINIL ACRILICAS,BERELEX
4422,BERELEX VINIL-ACRILICA BASE DEEP 1LT,BER1303L,OTRO,N/A,BOTE 1LT,VINIL ACRILICAS,BERELEX
4423,BERELEX VINIL-ACRILICA BASE NEUTRA 19LT,BER1305C,OTRO,N/A,CUB 19LT,VINIL ACRILICAS,BERELEX
4424,BERELEX VINIL-ACRILICA BASE NEUTRA 4LT,BER1305G,OTRO,N/A,BOTE 4LT,VINIL ACRILICAS,BERELEX
4425,BERELEX VINIL-ACRILICA BASE NEUTRA 1LT,BER1305L,OTRO,N/A,BOTE 1LT,VINIL ACRILICAS,BERELEX
4426,BERELEX VINIL-ACRILICA NEGRO 19LT,BER224C,NEGRO,N/A,CUB 19LT,VINIL ACRILICAS,BERELEX
4427,BERELEX VINIL-ACRILICA NEGRO 4LT,BER224G,NEGRO,N/A,BOTE 4LT,VINIL ACRILICAS,BERELEX
4428,BERELEX VINIL-ACRILICA NEGRO 1LT,BER224L,NEGRO,N/A,BOTE 1LT,VINIL ACRILICAS,BERELEX
4429,BERELEX VINIL-ACRILICA AZUL ARTICO 19LT,BER234C,AZUL,ARTICO,CUB 19LT,VINIL ACRILICAS,BERELEX
4430,BERELEX VINIL-ACRILICA AZUL ARTICO 4LT,BER234G,AZUL,ARTICO,BOTE 4LT,VINIL ACRILICAS,BERELEX
4431,BERELEX VINIL-ACRILICA AZUL ARTICO 1LT,BER234L,AZUL,ARTICO,BOTE 1LT,VINIL ACRILICAS,BERELEX
4432,BERELEX VINIL-ACRILICA OCRE 19LT,BER233C,OTRO,OCRE,CUB 19LT,VINIL ACRILICAS,BERELEX
4433,BERELEX VINIL-ACRILICA OCRE 4LT,BER233G,OTRO,OCRE,BOTE 4LT,VINIL ACRILICAS,BERELEX
4434,BERELEX VINIL-ACRILICA OCRE 1LT,BER233L,OTRO,OCRE,BOTE 1LT,VINIL ACRILICAS,BERELEX
4435,BERELEX VINIL-ACRILICA GAMUZA 19LT,BER253C,OTRO,N/A,CUB 19LT,VINIL ACRILICAS,BERELEX
4436,BERELEX VINIL-ACRILICA GAMUZA 4LT,BER253G,OTRO,N/A,BOTE 4LT,VINIL ACRILICAS,BERELEX
4437,BERELEX VINIL-ACRILICA GAMUZA 1LT,BER253L,OTRO,N/A,BOTE 1LT,VINIL ACRILICAS,BERELEX
4438,BERELEX VINIL-ACRILICA ALMENDRA 19LT,BER262C,OTRO,ALMENDRA,CUB 19LT,VINIL ACRILICAS,BERELEX
4439,BERELEX VINIL-ACRILICA ALMENDRA 4LT,BER262G,OTRO,ALMENDRA,BOTE 4LT,VINIL ACRILICAS,BERELEX
4440,BERELEX VINIL-ACRILICA ALMENDRA 1LT,BER262L,OTRO,ALMENDRA,BOTE 1LT,VINIL ACRILICAS,BERELEX
4441,BERELEX VINIL-ACRILICA NIEBLA 19LT,BER244C,OTRO,NIEBLA,CUB 19LT,VINIL ACRILICAS,BERELEX
4442,BERELEX VINIL-ACRILICA NIEBLA 4LT,BER244G,OTRO,NIEBLA,BOTE 4LT,VINIL ACRILICAS,BERELEX
4443,BERELEX VINIL-ACRILICA NIEBLA 1LT,BER244L,OTRO,NIEBLA,BOTE 1LT,VINIL ACRILICAS,BERELEX
4444,BERELEX VINIL-ACRILICA BLANCO OSTION 19LT,BER243C,BLANCO,OSTION,CUB 19LT,VINIL ACRILICAS,BERELEX
4445,BERELEX VINIL-ACRILICA BLANCO OSTION 4LT,BER243G,BLANCO,OSTION,BOTE 4LT,VINIL ACRILICAS,BERELEX
4446,BERELEX VINIL-ACRILICA BLANCO OSTION 1LT,BER243L,BLANCO,OSTION,BOTE 1LT,VINIL ACRILICAS,BERELEX
4447,BERELEX VINIL-ACRILICA TURQUESA 19LT,BER227C,OTRO,TURQUESA,CUB 19LT,VINIL ACRILICAS,BERELEX
4448,BERELEX VINIL-ACRILICA TURQUESA 4LT,BER227G,OTRO,TURQUESA,BOTE 4LT,VINIL ACRILICAS,BERELEX
4449,BERELEX VINIL-ACRILICA TURQUESA 1LT,BER227L,OTRO,TURQUESA,BOTE 1LT,VINIL ACRILICAS,BERELEX
4450,BERELEX VINIL-ACRILICA CHAMPAÑA 19LT,BER242C,OTRO,CHAMPAÑA,CUB 19LT,VINIL ACRILICAS,BERELEX
4451,BERELEX VINIL-ACRILICA CHAMPAÑA 4LT,BER242G,OTRO,CHAMPAÑA,BOTE 4LT,VINIL ACRILICAS,BERELEX
4452,BERELEX VINIL-ACRILICA CHAMPAÑA 1LT,BER242L,OTRO,CHAMPAÑA,BOTE 1LT,VINIL ACRILICAS,BERELEX
4453,BERELEX VINIL-ACRILICA AMARILLO MANGO 19LT,BER256C,AMARILLO,MANGO,CUB 19LT,VINIL ACRILICAS,BERELEX
4454,BERELEX VINIL-ACRILICA AMARILLO MANGO 4LT,BER256G,AMARILLO,MANGO,BOTE 4LT,VINIL ACRILICAS,BERELEX
4455,BERELEX VINIL-ACRILICA AMARILLO MANGO 1LT,BER256L,AMARILLO,MANGO,BOTE 1LT,VINIL ACRILICAS,BERELEX
4456,BERELEX VINIL-ACRILICA DURAZNO 19LT,BER236C,OTRO,DURAZNO,CUB 19LT,VINIL ACRILICAS,BERELEX
4457,BERELEX VINIL-ACRILICA DURAZNO 4LT,BER236G,OTRO,DURAZNO,BOTE 4LT,VINIL ACRILICAS,BERELEX
4458,BERELEX VINIL-ACRILICA DURAZNO 1LT,BER236L,OTRO,DURAZNO,BOTE 1LT,VINIL ACRILICAS,BERELEX
4459,BERELEX VINIL-ACRILICA MELON 19LT,BER260C,OTRO,MELON,CUB 19LT,VINIL ACRILICAS,BERELEX
4460,BERELEX VINIL-ACRILICA MELON 4LT,BER260G,OTRO,MELON,BOTE 4LT,VINIL ACRILICAS,BERELEX
4461,BERELEX VINIL-ACRILICA MELON 1LT,BER260L,OTRO,MELON,BOTE 1LT,VINIL ACRILICAS,BERELEX
4462,BERELEX VINIL-ACRILICA CAFÉ 19LT,BER237C,OTRO,CAFÉ,CUB 19LT,VINIL ACRILICAS,BERELEX
4463,BERELEX VINIL-ACRILICA CAFÉ 4LT,BER237G,OTRO,CAFÉ,BOTE 4LT,VINIL ACRILICAS,BERELEX
4464,BERELEX VINIL-ACRILICA CAFÉ 1LT,BER237L,OTRO,CAFÉ,BOTE 1LT,VINIL ACRILICAS,BERELEX
4465,BERELEX VINIL-ACRILICA ROJO FUEGO 4LT,BER220G,ROJO,FUEGO,BOTE 4LT,VINIL ACRILICAS,BERELEX
4466,BERELEX VINIL-ACRILICA ROJO FUEGO 1LT,BER220L,ROJO,FUEGO,BOTE 1LT,VINIL ACRILICAS,BERELEX
4467,BERELEX VINIL-ACRILICA ROSA MEXICANO 4LT,BER269G,OTRO,ROSA,BOTE 4LT,VINIL ACRILICAS,BERELEX
4468,BERELEX VINIL-ACRILICA ROSA MEXICANO 1LT,BER269L,OTRO,ROSA,BOTE 1LT,VINIL ACRILICAS,BERELEX
4469,BERELEX VINIL-ACRILICA ORQUIDEA 19LT,BER226C,OTRO,N/A,CUB 19LT,VINIL ACRILICAS,BERELEX
4470,BERELEX VINIL-ACRILICA ORQUIDEA 4LT,BER226G,OTRO,N/A,BOTE 4LT,VINIL ACRILICAS,BERELEX
4471,BERELEX VINIL-ACRILICA ORQUIDEA 1LT,BER226L,OTRO,N/A,BOTE 1LT,VINIL ACRILICAS,BERELEX
4472,BERELEX VINIL-ACRILICA SANDALO 19LT,BER239C,OTRO,SANDALO,CUB 19LT,VINIL ACRILICAS,BERELEX
4473,BERELEX VINIL-ACRILICA SANDALO 4LT,BER239G,OTRO,SANDALO,BOTE 4LT,VINIL ACRILICAS,BERELEX
4474,BERELEX VINIL-ACRILICA SANDALO 1LT,BER239L,OTRO,SANDALO,BOTE 1LT,VINIL ACRILICAS,BERELEX
4475,BERELEX VINIL-ACRILICA ROSA PETALO 19LT,BER231C,OTRO,ROSA,CUB 19LT,VINIL ACRILICAS,BERELEX
4476,BERELEX VINIL-ACRILICA ROSA PETALO 4LT,BER231G,OTRO,ROSA,BOTE 4LT,VINIL ACRILICAS,BERELEX
4477,BERELEX VINIL-ACRILICA ROSA PETALO 1LT,BER231L,OTRO,ROSA,BOTE 1LT,VINIL ACRILICAS,BERELEX
4478,BERELEX SUPER SATIN BLANCO 19LT,BER273C,BLANCO,N/A,CUB 19LT,VINIL ACRILICAS,BERELEX SUPER SATIN 
4479,BERELEX SUPER SATIN BLANCO 4LT,BER273G,BLANCO,N/A,BOTE 4LT,VINIL ACRILICAS,BERELEX SUPER SATIN 
4480,BERELEX SUPER SATIN BLANCO 1LT,BER273L,BLANCO,N/A,BOTE 1LT,VINIL ACRILICAS,BERELEX SUPER SATIN 
4481,BERELEX SUPER SATIN BASE TINT 19LT,BER1272C,OTRO,N/A,CUB 19LT,VINIL ACRILICAS,BERELEX SUPER SATIN 
4482,BERELEX SUPER SATIN BASE TINT 4LT,BER1272G,OTRO,N/A,BOTE 4LT,VINIL ACRILICAS,BERELEX SUPER SATIN 
4483,BERELEX SUPER SATIN BASE TINT 1LT,BER1272L,OTRO,N/A,BOTE 1LT,VINIL ACRILICAS,BERELEX SUPER SATIN 
4484,BERELEX SUPER SATIN BASE DEEP 19LT,BER1273C,OTRO,N/A,CUB 19LT,VINIL ACRILICAS,BERELEX SUPER SATIN 
4485,BERELEX SUPER SATIN BASE DEEP 4LT,BER1273G,OTRO,N/A,BOTE 4LT,VINIL ACRILICAS,BERELEX SUPER SATIN 
4486,BERELEX SUPER SATIN BASE DEEP 1LT,BER1273L,OTRO,N/A,BOTE 1LT,VINIL ACRILICAS,BERELEX SUPER SATIN 
4487,BERELEX SUPER SATIN BASE NEUTRA 19LT,BER1275C,OTRO,N/A,CUB 19LT,VINIL ACRILICAS,BERELEX SUPER SATIN 
4488,BERELEX SUPER SATIN BASE NEUTRA 4LT,BER1275G,OTRO,N/A,BOTE 4LT,VINIL ACRILICAS,BERELEX SUPER SATIN 
4489,BERELEX SUPER SATIN BASE NEUTRA 1LT,BER1275L,OTRO,N/A,BOTE 1LT,VINIL ACRILICAS,BERELEX SUPER SATIN 
4490,SEMIGLOSS PINTURA ACRILICA SEMIBRILLANTE BLANCO 19LT,BER2001C,BLANCO,BRILLANTE,CUB 19LT,VINIL ACRILICAS,SEMIGLOSS
4491,SEMIGLOSS PINTURA ACRILICA SEMIBRILLANTE BLANCO 4LT,BER2001G,BLANCO,BRILLANTE,BOTE 4LT,VINIL ACRILICAS,SEMIGLOSS
4492,SEMIGLOSS PINTURA ACRILICA SEMIBRILLANTE BASE TINT 19LT,BER2002C,OTRO,BRILLANTE,CUB 19LT,VINIL ACRILICAS,SEMIGLOSS
4493,SEMIGLOSS PINTURA ACRILICA SEMIBRILLANTE BASE TINT 4LT,BER2002G,OTRO,BRILLANTE,BOTE 4LT,VINIL ACRILICAS,SEMIGLOSS
4494,REKOLOR VINIL-ACRILICA BLANCO 19LT,BER8201C,BLANCO,N/A,CUB 19LT,VINIL ACRILICAS,CORASA
4495,REKOLOR VINIL-ACRILICA BLANCO 4LT,BER8201G,BLANCO,N/A,BOTE 4LT,VINIL ACRILICAS,CORASA
4496,KONBEREL VINIL-ACRILICA BLANCO 19LT,BER6623C,BLANCO,N/A,CUB 19LT,VINIL ACRILICAS,KONBEREL
4497,KONBEREL VINIL-ACRILICA BASE PASTEL 19LT,BER6601C,OTRO,N/A,CUB 19LT,VINIL ACRILICAS,KONBEREL
4498,KONBEREL VINIL-ACRILICA BASE TINT 19LT,BER6602C,OTRO,N/A,CUB 19LT,VINIL ACRILICAS,KONBEREL
4499,100 ACRYL PINTURA 100% ACRILICA 19LT,BER2123C,OTRO,N/A,CUB 19LT,ACRILICAS,100ACRYL
4500,100 ACRYL PINTURA 100% ACRILICA 4LT,BER2123G,OTRO,N/A,BOTE 4LT,ACRILICAS,100ACRYL
4501,100 ACRYL PINTURA 100% ACRILICA BASE TINT 19LT,BER2102C,OTRO,N/A,CUB 19LT,ACRILICAS,100ACRYL
4502,100 ACRYL PINTURA 100% ACRILICA BASE TINT 4LT,BER2102G,OTRO,N/A,BOTE 4LT,ACRILICAS,100ACRYL
4503,PINTURA ELASTOMERICA 19LT,BER2923C,OTRO,N/A,CUB 19LT,ACRILICAS,ELASTOMERICA
4504,PINTURA ELASTOMERICA 4LT,BER2923G,OTRO,N/A,BOTE 4LT,ACRILICAS,ELASTOMERICA
4505,SELLADOR VINILICO 19LT,BER570C,OTRO,N/A,CUB 19LT,SELLADORES,BEREL
4506,SELLADOR VINILICO 4LT,BER570G,OTRO,N/A,BOTE 4LT,SELLADORES,BEREL
4507,SELLADOR VINILICO 1LT,BER570L,OTRO,N/A,BOTE 1LT,SELLADORES,BEREL
4508,SELLADOR ACRILICO 19LT,BER580C,OTRO,N/A,CUB 19LT,SELLADORES,BEREL
4509,SELLADOR ACRILICO 4LT,BER580G,OTRO,N/A,BOTE 4LT,SELLADORES,BEREL
4510,SELLADOR ACRILICO 1LT,BER580L,OTRO,N/A,BOTE 1LT,SELLADORES,BEREL
4511,BLOCK FILLER 19LT,BER578C,OTRO,N/A,CUB 19LT,SELLADORES,BEREL
4512,BLOCK FILLER 4LT,BER578G,OTRO,N/A,BOTE 4LT,SELLADORES,BEREL
4513,BEREL-TEXT PASTA TEXTURIZADA ACRILICA G/M BLANCO 19LT,BER1970C,BLANCO,N/A,CUB 19LT,TEXTURAS,BEREL
4514,BEREL-TEXT PASTA TEXTURIZADA ACRILICA S/G CREMA 19LT,BER1903C,OTRO,CREMA,CUB 19LT,TEXTURAS,BEREL
4515,BEREL-TEXT PASTA TEXTURIZADA ACRILICA S/G GRIS PERLA 19LT,BER1915C,OTRO,GRIS,CUB 19LT,TEXTURAS,BEREL
4516,BEREL-TEXT PASTA TEXTURIZADA ACRILICA S/G BLANCO 19LT,BER1923C,BLANCO,N/A,CUB 19LT,TEXTURAS,BEREL
4517,BEREL-TEXT PASTA TEXTURIZADA ACRILICA S/G GRIS ROMANO 19LT,BER1925C,OTRO,GRIS,CUB 19LT,TEXTURAS,BEREL
4518,BEREL-TEXT PASTA TEXTURIZADA ACRILICA S/G DURAZNO 19LT,BER1936C,OTRO,DURAZNO,CUB 19LT,TEXTURAS,BEREL
4519,BEREL-TEXT PASTA TEXTURIZADA ACRILICA S/G BLANCO OSTION 19LT,BER1943C,BLANCO,OSTION,CUB 19LT,TEXTURAS,BEREL
4520,KOVER MAX 3 AÑOS  TERRACOTA 19LT,BER2705C,OTRO,N/A,CUB 19LT,IMPERMEABILIZANTES,KOVER
4521,KOVER MAX 3 AÑOS TERRACOTA 4LT,BER2705G,OTRO,N/A,BOTE 4LT,IMPERMEABILIZANTES,KOVER
4522,KOVER MAX 3 AÑOS BLANCO 19LT,BER2723C,BLANCO,N/A,CUB 19LT,IMPERMEABILIZANTES,KOVER
4523,KOVER MAX 3 AÑOS BLANCO 4LT,BER2723G,BLANCO,N/A,BOTE 4LT,IMPERMEABILIZANTES,KOVER
4524,KOVER CRYL 5 AÑOS TERRECOTA 19LT,BER2605C,OTRO,N/A,CUB 19LT,IMPERMEABILIZANTES,KOVER
4525,KOVER CRYL 5 AÑOS TERRECOTA 4LT,BER2605G,OTRO,N/A,BOTE 4LT,IMPERMEABILIZANTES,KOVER
4526,KOVER CRYL 5 AÑOS BLANCO 19LT,BER2623C,BLANCO,N/A,CUB 19LT,IMPERMEABILIZANTES,KOVER
4527,KOVER CRYL 5 AÑOS BLANCO 4LT,BER2623G,BLANCO,N/A,BOTE 4LT,IMPERMEABILIZANTES,KOVER
4528,KOVER PRO III TERRACOTA 19LT,BER2805C,OTRO,N/A,CUB 19LT,IMPERMEABILIZANTES,KOVER
4529,KOVER PRO III BLANCO 19LT,BER2823C,BLANCO,N/A,CUB 19LT,IMPERMEABILIZANTES,KOVER
4530,SELLADOR ACRILICO KOVER 19LT,BER2470C,OTRO,N/A,CUB 19LT,IMPERMEABILIZANTES,SELLADORES
4531,SELLADOR ACRILICO KOVER 4LT,BER2470G,OTRO,N/A,BOTE 4LT,IMPERMEABILIZANTES,SELLADORES
4532,SELLADOR LISTO PARA APLICAR 19LT,BER2484C,OTRO,N/A,CUB 19LT,IMPERMEABILIZANTES,SELLADORES
4533,RESANADOR DE GRIETAS KOVER 4LT,BER2590G,OTRO,N/A,BOTE 4LT,IMPERMEABILIZANTES,RESANADORES
4534,RESANADOR DE GRIETAS KOVER 1LT,BER2590L,OTRO,N/A,BOTE 1LT,IMPERMEABILIZANTES,RESANADORES
4535,PEGAYESO BLANCO 19LT,BER574C,BLANCO,N/A,CUB 19LT,OTROS,BEREL
4536,PEGAYESO BLANCO 4LT,BER574G,BLANCO,N/A,BOTE 4LT,OTROS,BEREL
4537,PEGAYESO NARANJA 19LT,BER576C,OTRO,NARANJA,CUB 19LT,OTROS,BEREL
4538,PEGAYESO NARANJA 4LT,BER579G,OTRO,NARANJA,BOTE 4LT,OTROS,BEREL
4539,LIGANTE APV 19LT,BER500572C,OTRO,N/A,CUB 19LT,OTROS,BEREL
4540,LIGANTE APV 4LT,BER500572G,OTRO,N/A,BOTE 4LT,OTROS,BEREL
4541,LIGANTE APV 1LT,BER500572L,OTRO,N/A,BOTE 1LT,OTROS,BEREL
4542,FONDO BLANCO PARA MADERA 19LT,BER5523C,BLANCO,N/A,CUB 19LT,OTROS,BEREL
4543,FONDO BLANCO PARA MADERA 4LT,BER5523G,BLANCO,N/A,BOTE 4LT,OTROS,BEREL
4544,FONDO BLANCO PARA MADERA 1LT,BER5523L,BLANCO,N/A,BOTE 1LT,OTROS,BEREL
4545,BROCHA 1/2,B1/2,OTRO,N/A,PIEZA,COMPLEMENTOS ,BROCHAS
4546,BROCHA 1,B1,OTRO,N/A,PIEZA,COMPLEMENTOS ,BROCHAS
4547,BROCHA 1 1/2,B11/2,OTRO,N/A,PIEZA,COMPLEMENTOS ,BROCHAS
4548,BROCHA PERFECT SERIE 392 DE 2,B2,OTRO,N/A,PIEZA,COMPLEMENTOS ,BROCHAS
4549,BROCHA 2 1/2,B21/2,OTRO,N/A,PIEZA,COMPLEMENTOS ,BROCHAS
4550,BROCHA 3,B3,OTRO,N/A,PIEZA,COMPLEMENTOS ,BROCHAS
4551,BROCHA 4,B4,OTRO,N/A,PIEZA,COMPLEMENTOS ,BROCHAS
4552,BROCHA  PERFECT 392 DE 5,B5,OTRO,N/A,PIEZA,COMPLEMENTOS ,BROCHAS
4553,BROCHA 6,B6,OTRO,N/A,PIEZA,COMPLEMENTOS ,BROCHAS
4554,MANERAL PARA RODILLO 4 ALAMRES,MANERAL4,OTRO,N/A,PIEZA,COMPLEMENTOS ,MANERALES
4555,MANERAL PROFESIONAL PARA RODILLO 5 ALAMBRES,MANERAL,OTRO,N/A,PIEZA,COMPLEMENTOS ,MANERALES
4556,EXTENCION PARA RODILLO 3.40 FIBRA DE VIDRIO,EXTENCION5,OTRO,N/A,PIEZA,COMPLEMENTOS ,EXTENCIONES
4557,EXTENCION METALICA PARA RODILLO 5.40 METROS,EXTENCION5.40,OTRO,N/A,PIEZA,COMPLEMENTOS ,EXTENCIONES
4558,EXTENCION METALICA PARA RODILLO 3M,EXTENCIONM,OTRO,N/A,PIEZA,COMPLEMENTOS ,EXTENCIONES
4559,RODILLO PERFECT  MEDIANO Nº 4,RODILLO4,OTRO,MEDIANO,PIEZA,COMPLEMENTOS ,RODILLOS
4560,RODILLO PROFECIONAL FELPA 1-1/4  EXTRA RUGOSO,RODILLO11/4,OTRO,N/A,PIEZA,COMPLEMENTOS ,RODILLOS
4561,RODILLO BYP RUGOSO  DE 3/4,RODILLO3/4,OTRO,N/A,PIEZA,COMPLEMENTOS ,RODILLOS
4562,REPUESTO  MEDIANO P/RODILLO  Nº4,REPUESTO4,OTRO,MEDIANO,PIEZA,COMPLEMENTOS ,REPUESTOS
4563,REPUESTO HOME-PRO SUPERFICIES EXTRA ASPERAS 9 1 1/4,REPUESTO11/4,OTRO,N/A,PIEZA,COMPLEMENTOS ,REPUESTOS
4564,REPUESTO HOME-PRO SUPERFICIES ASPERAS 9 3/4,REPUESTO3/4,OTRO,N/A,PIEZA,COMPLEMENTOS ,REPUESTOS
4565,REPUESTO HOME-PRO SUPERFICIES SEMI LISAS 9 3/8,REPUESTO3/8,OTRO,N/A,PIEZA,COMPLEMENTOS ,REPUESTOS
4566,REPUESTO HOME-PRO SUPERFICIES SEMI ASPERAS 9 1/2,REPUESTO1/2,OTRO,N/A,PIEZA,COMPLEMENTOS ,REPUESTOS
4567,CEPILLO PARA PINTOR ,CEPILLO,OTRO,N/A,PIEZA,COMPLEMENTOS ,APLICACIÓN 
4568,"PAD PAINT 9""",PAD,OTRO,N/A,PIEZA,COMPLEMENTOS ,APLICACIÓN 
4569,CHAROLA PARA RODILLO,CHAROLA,OTRO,N/A,PIEZA,COMPLEMENTOS ,APLICACIÓN 
4570,REJILLA ESCURRIDORA DE PINTURA,REJILLA,OTRO,N/A,PIEZA,COMPLEMENTOS ,APLICACIÓN 
4571,PISTOLA DE GRAVEDAD CON VASO DE ALUMINIO,PISTOLA2,OTRO,N/A,PIEZA,COMPLEMENTOS ,APLICACIÓN 
4572,ESPATULA DE LAMINA 11/2,E11/2,OTRO,N/A,PIEZA,COMPLEMENTOS ,ESPATULAS
4573,ESPATULA DE LAMINA  2,E2,OTRO,N/A,PIEZA,COMPLEMENTOS ,ESPATULAS
4574,ESPATULA DE LAMINA 3,E3,OTRO,N/A,PIEZA,COMPLEMENTOS ,ESPATULAS
4575,ESPATULA DE LAMINA 4,E4,OTRO,N/A,PIEZA,COMPLEMENTOS ,ESPATULAS
4576,PLASTICO CUBRE TODO 10M2,CUBRETODO,OTRO,N/A,PIEZA,COMPLEMENTOS ,PLASTICOS
4577,PLASTICO NEGRO ML,PLASTICO ,NEGRO,N/A,PIEZA,COMPLEMENTOS ,PLASTICOS
4578,PLASTICO ROLLO  87.5  KG,PLASTICOR,OTRO,N/A,ROLLO,COMPLEMENTOS ,PLASTICOS
4579,ESTOPA BLANCA ,ESTOPA,OTRO,N/A,KILO,COMPLEMENTOS ,ESTOPA
4580,LIJA DE AGUA FANDELI Nº 80,LIJA80,OTRO,N/A,PIEZA,COMPLEMENTOS ,LIJAS
4581,LIJA DE AGUA FANDELI Nº 100,LIJA100,OTRO,N/A,PIEZA,COMPLEMENTOS ,LIJAS
4582,LIJA DE AGUA FANDELI Nº 120,LIJA120,OTRO,N/A,PIEZA,COMPLEMENTOS ,LIJAS
4583,LIJA DE AGUA FANDELI Nº 150,LIJA150,OTRO,N/A,PIEZA,COMPLEMENTOS ,LIJAS
4584,LIJA DE AGUA FANDELI Nº 180,LIJA180,OTRO,N/A,PIEZA,COMPLEMENTOS ,LIJAS
4585,LIJA DE AGUA FANDELI Nº 220,LIJA220,OTRO,N/A,PIEZA,COMPLEMENTOS ,LIJAS
4586,LIJA DE AGUA FANDELI Nº 240,LIJA240,OTRO,N/A,PIEZA,COMPLEMENTOS ,LIJAS
4587,LIJA DE AGUA FANDELI Nº 280,LIJA280,OTRO,N/A,PIEZA,COMPLEMENTOS ,LIJAS
4588,LIJA DE AGUA FANDELI Nº 320,LIJA320,OTRO,N/A,PIEZA,COMPLEMENTOS ,LIJAS
4589,LIJA DE AGUA FANDELI Nº 360,LIJA360,OTRO,N/A,PIEZA,COMPLEMENTOS ,LIJAS
4590,LIJA DE AGUA FANDELI Nº 400,LIJA400,OTRO,N/A,PIEZA,COMPLEMENTOS ,LIJAS
4591,LIJA DE AGUA FANDELI Nº 500,LIJA500,OTRO,N/A,PIEZA,COMPLEMENTOS ,LIJAS
4592,LIJA DE AGUA FANDELI Nº 600,LIJA600,OTRO,N/A,PIEZA,COMPLEMENTOS ,LIJAS
4593,LIJA DE AGUA FANDELI Nº 1200,LIJA1200,OTRO,N/A,PIEZA,COMPLEMENTOS ,LIJAS
4594,LIJA DE AGUA FANDELI Nº 1500,LIJA1500,OTRO,N/A,PIEZA,COMPLEMENTOS ,LIJAS
4595,LIJA DE ESMERIL FANDELI Nº 80 LONA ROJA,ESMERIL80,OTRO,N/A,PIEZA,COMPLEMENTOS ,LIJAS
4596,LIJA DE ESMERIL FANDELI Nº 60 LONA ROJA,ESMERIL60,OTRO,N/A,PIEZA,COMPLEMENTOS ,LIJAS
4597,LIJA DE ESMERIL FANDELI Nº 36 LONA ROJA,ESMERIL36,OTRO,N/A,PIEZA,COMPLEMENTOS ,LIJAS
4598,MASKING TAPE DE 1/2 CREMA,MASKIN1/2,OTRO,CREMA,PIEZA,COMPLEMENTOS ,MASKING 
4599,MASKING TAPE DE 3/4 USO GENERAL CONVIL,CONVIL3/4,OTRO,N/A,PIEZA,COMPLEMENTOS ,MASKING 
4600,MASKING TAPE DE 1,MASKIN1,OTRO,N/A,PIEZA,COMPLEMENTOS ,MASKING 
4601,MASKING TAPE DE 2,MASKIN2,OTRO,N/A,PIEZA,COMPLEMENTOS ,MASKING 
4602,CUÑA CHICA CON MANGO,CUÑA1,OTRO,MANGO,PIEZA,COMPLEMENTOS ,CUÑAS
4603,CUÑA GRANDE CON MANGO ,CUÑA2,OTRO,MANGO,PIEZA,COMPLEMENTOS ,CUÑAS
4604,CUÑA CHICA  ,CUÑA3,OTRO,N/A,PIEZA,COMPLEMENTOS ,CUÑAS
4605,CUÑA GRANDE  ,CUÑA4,OTRO,N/A,PIEZA,COMPLEMENTOS ,CUÑAS
4607,THINNER AMERICANO ,THINNERL,OTRO,N/A,LITRO,COMPLEMENTOS ,SOLVENTES
4608,THINNER AMERICANO 200LT,THINNERT,OTRO,N/A,TAM 200LT,COMPLEMENTOS ,SOLVENTES
4609,XILOL,XILOL,OTRO,N/A,LITRO,COMPLEMENTOS ,SOLVENTES
4610,FAM AEROSOL BLANCO BRILLANTE,FAM800,BLANCO,BRILLANTE,400ML,COMPLEMENTOS ,AEROSOLES
4611,FAM AEROSOL ULTRAMAR,FAM805,OTRO,N/A,400ML,COMPLEMENTOS ,AEROSOLES
4612,FAM AEROSOL CAFÉ TABACO,FAM810,OTRO,CAFÉ,400ML,COMPLEMENTOS ,AEROSOLES
4613,FAM AEROSOL GRIS MAQUINARIA,FAM815,OTRO,GRIS,400ML,COMPLEMENTOS ,AEROSOLES
4614,FAM AEROSOL ORO,FAM820,OTRO,ORO,400ML,COMPLEMENTOS ,AEROSOLES
4615,FAM AEROSOL ALUMINIO,FAM825,OTRO,N/A,400ML,COMPLEMENTOS ,AEROSOLES
4616,FAM AEROSOL CROMO,FAM827,OTRO,CROMO,400ML,COMPLEMENTOS ,AEROSOLES
4617,FAM AEROSOL AZUL OBSCURO,FAM829,AZUL,OBSCURO,400ML,COMPLEMENTOS ,AEROSOLES
4618,FAM AEROSOL BLANCO MATE,FAM844,BLANCO,MATE,400ML,COMPLEMENTOS ,AEROSOLES
4619,FAM AEROSOL BARNIZ,FAM845,OTRO,N/A,400ML,COMPLEMENTOS ,AEROSOLES
4620,FAM AEROSOL NEGRO BRILLANTE,FAM846,NEGRO,BRILLANTE,400ML,COMPLEMENTOS ,AEROSOLES
4621,FAM AEROSOL NEGRO MATE,FAM847,NEGRO,MATE,400ML,COMPLEMENTOS ,AEROSOLES
4622,FAM AEROSOL PRIMARIO GRIS,FAM848,OTRO,GRIS,400ML,COMPLEMENTOS ,AEROSOLES
4623,FAM AEROSOL CREMA,FAM802,OTRO,CREMA,400ML,COMPLEMENTOS ,AEROSOLES
4624,FAM AEROSOL VERDE CROMO,FAM803,OTRO,CROMO,400ML,COMPLEMENTOS ,AEROSOLES
4625,FAM AEROSOL AZUL ORGANICO,FAM806,AZUL,ORGANICO,400ML,COMPLEMENTOS ,AEROSOLES
4626,FAM AEROSOL BERMELLON,FAM808,OTRO,BERMELLON,400ML,COMPLEMENTOS ,AEROSOLES
4627,FAM AEROSOL AMARILLO LIMON,FAM811,AMARILLO,LIMON,400ML,COMPLEMENTOS ,AEROSOLES
4628,FAM AEROSOL NEGRO SATINADO,FAM849,NEGRO,SATINADO,400ML,COMPLEMENTOS ,AEROSOLES
4629,FAM AEROSOL NARANJA,FAM807,OTRO,NARANJA,400ML,COMPLEMENTOS ,AEROSOLES
4630,FAM AEROSOL ROSA,FAM817,OTRO,ROSA,400ML,COMPLEMENTOS ,AEROSOLES
4631,FAM AEROSOL NARANJA  FLUORESCENTE,FAM832,OTRO,NARANJA,400ML,COMPLEMENTOS ,AEROSOLES
4632,FAM AEROSOL AMARILLO   FLUORESCENTE,FAM833,AMARILLO,N/A,400ML,COMPLEMENTOS ,AEROSOLES
4633,FAM AEROSOL VERDE  FLUORESCENTE,FAM834,OTRO,VERDE,400ML,COMPLEMENTOS ,AEROSOLES
4634,METYLAN RESANADOR MULTIUSOS EN PASTA UNIVERSAL,METYLAN 225,OTRO,N/A,225ML,COMPLEMENTOS ,OTROS
4635,RESANADOR PARA MADERA COLOR PINO,RESISTOL,OTRO,N/A,115ML,COMPLEMENTOS ,OTROS
4636,SISTA SILICON USO GENERAL TRANSPARENTE,SILICON,OTRO,N/A,30ML,COMPLEMENTOS ,OTROS
4637,KID DE APLICACIÓN,KID,OTRO,N/A,PIEZA,COMPLEMENTOS ,OTROS
4638,CEPILLO DE ALAMBRE CON MANGO,CEPILLOA,OTRO,MANGO,PIEZA,COMPLEMENTOS ,OTROS
4639,PISTOLA    CALAFATEADORA 1/2 CAÑA,PISTOLA,OTRO,N/A,PIEZA,COMPLEMENTOS ,OTROS
4640,PISTOLA CALAFATEADORA PROFECIONAL CROMADA ,PISTOLA1,OTRO,N/A,PIEZA,COMPLEMENTOS ,OTROS
4641,MASCARILLA DESECHABLE  PARA POLVO,MASCARILLA,OTRO,N/A,PIEZA,COMPLEMENTOS ,OTROS
4642,ABANICO MULTITONO COLOR  SYSTEM II,ABANICO,OTRO,N/A,PIEZA,COMPLEMENTOS ,OTROS
4643,LIMPIADOR MULTIUSOS BIODEGRADABLE 1.5LT,ELIEL,OTRO,N/A,BOTE 1.5LT,COMPLEMENTOS ,OTROS
4644,CEMENTO BLANCO,CEMENTO,BLANCO,N/A,KILO,COMPLEMENTOS ,OTROS
4645,YESO PARA RESANAR,YESO,OTRO,N/A,KILO,COMPLEMENTOS ,OTROS
4646,CAOLIN  PARA FONDEAR 20KG,CAOLIN,OTRO,N/A,SACO 20KG,COMPLEMENTOS ,OTROS
4647,AMARILLO EXTERIOR (AXX) 1L,1701,AMARILLO,N/A,LITRO 1L,TINTAS,TINTAS
4648,NEGRO HUMO ( B ) 1L,1702,NEGRO,N/A,LITRO 1L,TINTAS,TINTAS
4649,AMARILLO OXIDO ( C ) 1L,1703,AMARILLO,OXIDO,LITRO 1L,TINTAS,TINTAS
4650,VERDE PTHALO ( D ) 1L,1704,OTRO,VERDE,LITRO 1L,TINTAS,TINTAS
4651,AZUL PTHALO ( E ) 1L,1705,AZUL,N/A,LITRO 1L,TINTAS,TINTAS
4652,ROJO OXIDO DE HIERRO ( F ) 1L,1706,ROJO,OXIDO,LITRO 1L,TINTAS,TINTAS
4653,CAFÉ OXIDO DE HIERRO ( I ) 1L,1707,OTRO,OXIDO,LITRO 1L,TINTAS,TINTAS
4654,OCRE NATURAL ( L ) 1L,1708,OTRO,OCRE,LITRO 1L,TINTAS,TINTAS
4655,ROJO EXTERIOR ( R ) 1L,1709,ROJO,N/A,LITRO 1L,TINTAS,TINTAS
4656,AMARILLO MEDIO ( T ) 1L,1710,AMARILLO,N/A,LITRO 1L,TINTAS,TINTAS
4657,MAGENTA ( V ) 1L,1711,OTRO,N/A,LITRO 1L,TINTAS,TINTAS
4658,BLANCO (KXX) 1L,1712,BLANCO,N/A,LITRO 1L,TINTAS,TINTAS
4659,TINTAS PARA IGUALAR LOTE,TINTAS,OTRO,N/A,LOTE,TINTAS,TINTAS
4660,LIJA DE ESMERIL FANDELI Nº 220 LONA ROJA ,ESMERIL220,OTRO,N/A,PIEZA,COMPLEMENTOS ,LIJAS
4661,LIJA DE ESMERIL FANDELI Nº 150 LONA ROJA ,ESMERIL150,OTRO,N/A,PIEZA,COMPLEMENTOS ,LIJAS
4664,LIJA DE ESMERIL FANDELI Nº 40 LONA ROJA ,ESMERIL40,OTRO,N/A,PIEZA,COMPLEMENTOS ,LIJAS
4665,SUMMA ESMALTE ALQUIDALICO BLANCO 0.25LT,BER623Q,BLANCO,N/A,BOTE 0.25LT,ESMALTES,SUMMA
4666,SUMMA ESMALTE ALQUIDALICO BLANCO 0.5LT,BER623M,BLANCO,N/A,BOTE 0.5LT,ESMALTES,SUMMA
4667,SUMMA ESMALTE ALQUIDALICO BLANCO 1LT,BER623L,BLANCO,N/A,BOTE 1LT,ESMALTES,SUMMA
4668,SUMMA ESMALTE ALQUIDALICO BLANCO 4LT,BER623G,BLANCO,N/A,BOTE 4LT,ESMALTES,SUMMA
4669,SUMMA ESMALTE ALQUIDALICO BLANCO 19LT,BER623C,BLANCO,N/A,CUB 19LT,ESMALTES,SUMMA
4670,SUMMA ESMALTE ALQUIDALICO BLANCO 200LT,BER623T,BLANCO,N/A,TAM 200LT,ESMALTES,SUMMA
4671,EXTENCION FIBRA DE VIDRIO 2.4M CON BOTON ,EXTENCIONB,OTRO,N/A,PIEZA,COMPLEMENTOS ,EXTENCIONES
4672,EXTENCION FIBRA DE VIDRIO 3.6M CON BOTON ,EXTENCION3,OTRO,N/A,PIEZA,COMPLEMENTOS ,EXTENCIONES
4673,LIMPIADOR MULTIUSOS BIODEGRADABLE 1LT,ELIELL,OTRO,N/A,BOTE 1LT,COMPLEMENTOS ,OTROS
4674,CEMENTO BLANCO 50KG,CEMENTO1,BLANCO,N/A,SACO 50KG,COMPLEMENTOS ,OTROS
4675, 19LT,,OTRO,N/A,CUB 19LT,ESMALTES,BERALKID
4676,BROCHA BYP 6 (PROMOCION),BP,OTRO,N/A,PIEZA,COMPLEMENTOS ,BROCHAS
4677, SOLVENTE PARA ESMALTES LT,AGUARRAZ,OTRO,N/A,LITRO,COMPLEMENTOS ,SOLVENTES
4680,KALOS-TONE VINIL-ACRILICA BLANCO ,ERROR,BLANCO,N/A,CUB 19LT,COMPLEMENTOS ,OTROS
4681,EXTENCION METALICA DE  1.20 MTRS,EXTENCION1.20,OTRO,N/A,PIEZA,COMPLEMENTOS ,EXTENCIONES
4682,FAM AEROSOL ESMERALDA,FAM804,OTRO,N/A,400ML,COMPLEMENTOS ,AEROSOLES
4683,TRABAJOS,TRABAJOS,OTRO,N/A,LOTE,OTROS,OTROS
4684,KOVER CRYL 5 AÑOS CUBETA 19LT,ERROR2,OTRO,N/A,CUB 19LT,COMPLEMENTOS ,BROCHAS
4685,SUMMA ESMALTE ALQUIDALICO NEGRO ,ERROR3,NEGRO,N/A,BOTE 4LT,COMPLEMENTOS ,BROCHAS
4686,BROCHA PINTOR PROFECIONAL DE 4,BF4,OTRO,N/A,PIEZA,COMPLEMENTOS ,BROCHAS
4687,BROCHA PINTOR PROFECIONAL DE  5,BF5,OTRO,N/A,PIEZA,COMPLEMENTOS ,BROCHAS
4688,BROCHA PINTOR PROFECIONAL DE 6,BF6,OTRO,N/A,PIEZA,COMPLEMENTOS ,BROCHAS
4689,KALOS-TONE VINIL-ACRILICA BLANCO TAMBO 200LT,BER7723T,BLANCO,N/A,TAM 200LT,VINIL ACRILICAS,KALOS TONE
4693,MATIZANTE PARA ESMALTE,BER1070Q,OTRO,N/A,BOTE 0.25LT,ESMALTES,MATIZANTES
4695,METYLAN RESANADOR 980ml,METYLAN 980,OTRO,N/A,980ML,COMPLEMENTOS ,RESANADORES
4696,RODILLO PROFECIONAL 3/8 SUPERFICIE LISA,RODILLO3/8,OTRO,N/A,PIEZA,COMPLEMENTOS ,RODILLOS
4697,PISTOLA PARA PINTAR DE SUCCION MOD 100,PISTOLAS,OTRO,N/A,PIEZA,COMPLEMENTOS ,APLICACIÓN 
4698,CINTA CANELA DE 2 X50,CINTAC,OTRO,N/A,PIEZA,COMPLEMENTOS ,MASKING 
4699,CINTA DE EMPAQUE TRANSPARENTE 2X50,CINTAE,OTRO,N/A,PIEZA,COMPLEMENTOS ,MASKING 
4700,AHORRADOR DE GASOLINA ,GREMM,OTRO,N/A,PIEZA,OTROS,OTROS
4701,COLADOR PARA PINRTURA,COLADOR,OTRO,N/A,PIEZA,COMPLEMENTOS ,OTROS
4702,MICROESFERA  O PERLA DE VIDRIO,PERLA,OTRO,N/A,KILO,OTROS,OTROS
4703,RODILLO PARA ESMALTE  4 PULGADAS,RODILLOE,OTRO,N/A,PIEZA,COMPLEMENTOS ,RODILLOS
4704,REPUESTO PARA ESMALTE 4 PULGADAS,REPUESTOE,OTRO,N/A,PIEZA,COMPLEMENTOS ,REPUESTOS
4705,VINIL ACRILICA SEMI GLOS SEMI BRILLANTE,BER2001L,OTRO,BRILLANTE,BOTE 1LT,VINIL ACRILICAS,SEMIGLOSS
4706,100 ACRYL PINTURA 100% ACRILICA ROJO FACHADAS,210104,ROJO,N/A,CUB 19LT,ACRILICAS,100ACRYL
4707,BASURERO ACERO INOXIDABLE 48LT 2 COMPARTIMIENTOS,957693,OTRO,N/A,PIEZA,OTROS,OTROS
4708,BASURERO ACERO INOXIDABLE 30LT 2 COMPARTIMIENTOS,947605,OTRO,N/A,PIEZA,OTROS,OTROS
4709,BASURERO ACERO INOXIDABLE 45LT 3 COMPARTIMIENTOS,947604,OTRO,N/A,PIEZA,OTROS,OTROS
4710,VINILICA 100 ACRYL ROJO FCHADA,210104G,ROJO,N/A,BOTE 4LT,VINIL ACRILICAS,100ACRYL
4711,LIJA DE ESMERIL Nº 120 DE LONA,ESMERIL120,OTRO,N/A,PIEZA,COMPLEMENTOS ,LIJAS
4712,MASKING TAPE CONVIL VERDE 7 DIAS 18X50,CONVIL,OTRO,VERDE,PIEZA,COMPLEMENTOS ,MASKING 
4713,MASKING TAPE CONVIL USO GENERAL PROFECIONAL DE 1,CONVIL1,OTRO,N/A,PIEZA,COMPLEMENTOS ,MASKING 
4714,MASKING TAPE CONVIL USO GENERAL PROFECIONAL DE 2,CONVIL2,OTRO,N/A,PIEZA,COMPLEMENTOS ,MASKING 
4715,GARRAFON DE PLASTICO NATURAL 10LT,GAR10,OTRO,N/A,PIEZA,COMPLEMENTOS ,OTROS
4716,GARRAFON DE PLASTICO NATURAL 20LT,GAR20,OTRO,N/A,PIEZA,COMPLEMENTOS ,OTROS
4717,MALLA POLIESTER DOBLE REFUERZO KOVER 510020,510020,OTRO,N/A,ROLLO,COMPLEMENTOS ,OTROS
4718,MALLA POLIESTER SENCILLA  KOVER 510010,510010,OTRO,N/A,ROLLO,COMPLEMENTOS ,OTROS
4719,VINILICA 100 ACRYL ROJO FACHADAS,210104L,ROJO,N/A,BOTE 1LT,VINIL ACRILICAS,100ACRYL
4720,MALLA POLIESTER DOBLE REFUERZO,ERROR4,OTRO,N/A,ROLLO,OTROS,OTROS
4721,LIJA PARA MADERA FINA ,LIJAF,OTRO,N/A,PIEZA,COMPLEMENTOS ,LIJAS
4722,LIJA PARA  MADERA MEDINA,LIJAM,OTRO,N/A,PIEZA,COMPLEMENTOS ,LIJAS
4723,LIJA PARA MAEDERA GRUESA,LIJAG,OTRO,N/A,PIEZA,COMPLEMENTOS ,LIJAS
4724,BEREL TEXT  GRIS ROMANO,BER1935C,OTRO,GRIS,CUB 19LT,TEXTURAS,BEREL
4725,TORTUGA DE HULE PARA LIJAR,TORTUGA,OTRO,N/A,PIEZA,COMPLEMENTOS ,OTROS
4727,RESANADOR PARA MADERA COLOR CAOBA,RESISTOLC,OTRO,N/A,115ML,COMPLEMENTOS ,RESANADORES
4728,RODILLO PLUS DE ALTA 11/4,RODILLO PLUS1,OTRO,N/A,PIEZA,COMPLEMENTOS ,RODILLOS
4729,RODILLO PLUS DE ALTA 3/4,RODILLO PLUS2,OTRO,N/A,PIEZA,COMPLEMENTOS ,RODILLOS
4730,MANERAL DE 4 PULGADAS PARA ESMALTE,MANERALE,OTRO,N/A,PIEZA,COMPLEMENTOS ,MANERALES
4731,ESTE COMPROBANTE ES COMPLEMENTARIO DEL EXPEDIDO CON EL FOLIO,IVA,OTRO,N/A,.,OTROS,OTROS
4732,AEROSOL ACUARIO ORO PALIDO,793,OTRO,ORO,400ML,COMPLEMENTOS ,AEROSOLES
4733,METALEX CATALIZADO PARA PISOS GRIS,METALEX,OTRO,GRIS,CUB 19LT,ESMALTES,OTROS
4734,METALEX CATALIZADO PARA PISOS ROJO,METALEXR,ROJO,N/A,CUB 19LT,ESMALTES,OTROS
4735,CATALIZADOR PARA PINTURA,CATA,OTRO,N/A,CUB 19LT,ESMALTES,OTROS
4736,CATALIZADOR PARA METALEX,METALEX1,OTRO,N/A,BOTE 1LT,ESMALTES,POLIURETANO
4742,ESMALTE METALEX CATALIZADOR,METALEXRG,OTRO,N/A,BOTE 4LT,ESMALTES,POLIURETANO
4743,CATALIZADOR PARA ESMALTE,CATAL,OTRO,N/A,BOTE 1LT,ESMALTES,POLIURETANO
4744,CATALIZADOR PARA ESMALTE,CATAM,OTRO,N/A,BOTE 0.5LT,ESMALTES,POLIURETANO
4745,THINNER AMERICANO ,THINNERG,OTRO,N/A,BOTE 4LT,COMPLEMENTOS ,SOLVENTES
4746,THINNER AMERICANO ,THINNER1,OTRO,N/A,BOTE 1LT,COMPLEMENTOS ,SOLVENTES
4747,VINILICA REKOLOR  VAINILLA,BER8213C,OTRO,VAINILLA,CUB 19LT,VINIL ACRILICAS,CORASA
4748,KOVER PREFABRICADO BLANCO 3.5MM FIBRA DE VIDRIO 10mtr 2,551353,BLANCO,N/A,ROLLO,IMPERMEABILIZANTES,KOVER
4750,KOVER PREFABRICADO APP ROJO 3.5mm FIBRE DE VIDRIO 10mtrs2,551355,ROJO,N/A,ROLLO,IMPERMEABILIZANTES,KOVER
4751,KOVER PREFABRICADO BLANCO APP 4.mmFIBRA POLIESTER 10mtrs2,555403,BLANCO,N/A,ROLLO,IMPERMEABILIZANTES,KOVER
4752,KOVER PREFABRICADO ROJO APP 4.0mm FIBRA POLIESTER ROLLO 10mtrs2,555405,ROJO,N/A,ROLLO,IMPERMEABILIZANTES,KOVER
4753,SELLADOR ASFALTICO KOVER,550004,OTRO,N/A,CUB 19LT,SELLADORES,SELLADORES
4754,BALON PROMOCION MUNDIAL,BALON,OTRO,N/A,PIEZA,OTROS,OTROS
4755,CAMISETA SELECCION MEXICANA PROM MUNDIAL,CAMISETA,OTRO,N/A,PIEZA,OTROS,OTROS
4756,CEPILLO DE IXTLE DE BASTON PARA IMPERMEABILIZAR,CEPILLOB,OTRO,N/A,PIEZA,COMPLEMENTOS ,APLICACIÓN 
4757,BERELEX GREEN 100% ACRILICA BLANCO,BER2323C,BLANCO,N/A,CUB 19LT,ACRILICAS,BERELEX
4758,BERELEX GREEN 100% ACRILICA BLANCO,BER2323G,BLANCO,N/A,BOTE 4LT,ACRILICAS,BERELEX
4759,SELLADOR GREEN,BER590C,OTRO,N/A,CUB 19LT,SELLADORES,SELLADORES
4760,SELLADOR GREEN,BER590G,OTRO,N/A,BOTE 4LT,SELLADORES,SELLADORES
4761,REDOCTOR PARA ESMALTES  1090,BER1090T,OTRO,N/A,TAM 200LT,OTROS,REDUCTORES
4762,BROCHA COMANDER  DE 5 ,BC5,OTRO,N/A,PIEZA,COMPLEMENTOS ,BROCHAS
4763,BROCHA COMANDER DE 6 ,BC6,OTRO,N/A,PIEZA,COMPLEMENTOS ,BROCHAS
4764,BROCHA COMANDER DE 4,BC4,OTRO,N/A,PIEZA,COMPLEMENTOS ,BROCHAS
4765,CEPILLO  CERDA Y MADERA  PARA PINTOR,CEPILLOM,OTRO,N/A,PIEZA,COMPLEMENTOS ,APLICACIÓN 
4766,SOLVENTE PARA ESMALTE METALEX,WJ26,OTRO,N/A,BOTE 1LT,OTROS,SOLVENTES
