id_cliente,razonSocial,colonia,cp,ciudad,estado,pais
3725,Abalançam isquiàtiques assamarraria SA,COLINAS DE ATEMAJAC,45170,Zapopan,Jalisco,México
3726,Abonís destarotaré CB,Agua Blanca,45427,Tlaquepaque,Jalisco,México
3727,Abraham Lincoln,Agua Blanca,45427,Tlaquepaque,Jalisco,México
3728,Abril Barreira Aleja,JARDINES DEL BOSQUE,44520,Guadalajara,Jalisco,México
3729,Acorruï mortasà SL,SECTOR REFORMA,44400,Guadalajara,Jalisco,México
3730,Adelaide Coombes,Agua Blanca,45427,Tlaquepaque,Jalisco,México
3731,Adonis Partearroyo Loro,LA NORMAL,44270,Guadalajara,Jalisco,México
3732,Agustina Banda Vellon,Agua Blanca,45427,Tlaquepaque,Jalisco,México
3733,Ahmad Shah Masoud National Hero,Agua Blanca,45427,Tlaquepaque,Jalisco,México
3734,Aimee Teegarden,CHURUBUSCO,9030,Cancún,Quintana Roo,México
3735,Ainhoa Bispo Urruchi,COLINAS DE ATEMAJAC,45170,Zapopan,Jalisco,México
3736,Aique Molina Mosquera,COLONIA EL COLLI,45070,Zapopan,Jalisco,México
3737,Airam Bernaldo Caride,Agua Blanca,45427,Tlaquepaque,Jalisco,México
3738,Akilah Thomson,Agua Blanca,45427,Tlaquepaque,Jalisco,México
3739,Alan Naves Sotres,Agua Blanca,45427,Tlaquepaque,Jalisco,México
3740,Alane Appleton,COLINAS DE ATEMAJAC,45170,Zapopan,Jalisco,México
3741,Alden Webber,COLINAS DE ATEMAJAC,45170,Guadalajara,Jalisco,México
3742,Alessandra Simpson,CENTRO,44200,Guadalajara,Jalisco,México
3743,Alethia Bishop,Agua Blanca,45427,Tlaquepaque,Jalisco,México
3744,Alex Pettyfer,Agua Blanca,45427,Tlaquepaque,Jalisco,México
3745,Alexander Hodgson,Agua Blanca,45427,Tlaquepaque,Jalisco,México
3746,Alexander Ludwig,Agua Blanca,45427,Tlaquepaque,Jalisco,México
3747,Alexander SkarsgÃ¥rd,JARDINES DE  GPE,45079,Zapopan,Jalisco,México
3748,Alexander The Great,JARDINES DEL BOSQUE,44520,Guadalajara,Jalisco,México
3749,Alexandra Breckenridge,Agua Blanca,45427,Tlaquepaque,Jalisco,México
3750,Alexis Knapp,Agua Blanca,45427,Tlaquepaque,Jalisco,México
3751,Alfred the Great,COLINAS DE ATEMAJAC,45170,Guadalajara,Jalisco,México
3752,Alfredo Lister,Agua Blanca,45427,Tlaquepaque,Jalisco,México
3753,Alfredo Malburgo Agriano,Agua Blanca,45427,Tlaquepaque,Jalisco,México
3754,Alice Eve,Agua Blanca,45427,Tlaquepaque,Jalisco,México
3755,Alicia Pipa Celis,Agua Blanca,45427,Tlaquepaque,Jalisco,México
3756,Alison Barclay,Agua Blanca,45427,Tlaquepaque,Jalisco,México
3757,Alison Brie,JARDINES DE LOS ARCOS,44500,Guadalajara,Jalisco,México
3758,Allama Muhammad Iqbal,Agua Blanca,45427,Tlaquepaque,Jalisco,México
3759,Allegra Dolan,Agua Blanca,45427,Tlaquepaque,Jalisco,México
3760,Allene Obrien,CIUDAD DE LOS NIÑOS,45040,Zapopan,Jalisco,México
3761,Aloida Blancas Coya,Agua Blanca,45427,Tlaquepaque,Jalisco,México
3762,Alva Boyd,JARDINES DEL BOSQUE,44520,Guadalajara,Jalisco,México
3763,Alyse Knott,Agua Blanca,45427,Tlaquepaque,Jalisco,México
3764,Alyson Stoner,Agua Blanca,45427,Tlaquepaque,Jalisco,México
3765,Amelia Alayz Romaza,Agua Blanca,44950,Guadalajara,Jalisco,México
3766,Amorreus situàs SLU,JARDINES DEL BOSQUE,44520,Guadalajara,Jalisco,México
3767,Amurésseu desfermareu CB,Agua Blanca,45427,Tlaquepaque,Jalisco,México
3768,Analeigh Tipton,COLINAS DE ATEMAJAC,45170,Zapopan,Jalisco,México
3769,Anamaria Murphy,COLINAS DE ATEMAJAC,45170,Guadalajara,Jalisco,México
3770,Andre Agassi,Agua Blanca,45427,Tlaquepaque,Jalisco,México
3771,Aneliesse Barroso Landaburu, JARDINES DE GUADALUPE,45030,Zapopan,Jalisco,México
3772,Angele Bolton,Agua Blanca,45427,Tlaquepaque,Jalisco,México
3773,Angelika Hume, MODERNA,44190,Guadalajara,Jalisco,México
3774,Angelina Jate Heredia,Agua Blanca,45427,Tlaquepaque,Jalisco,México
3775,Angles americanitzéssim CB, LOMAS DEL BOSQUE,45118,Zapopan,Jalisco,México
3776,Anissa Hurst, ROMA,6700,Cancún,Quintana Roo,México
3777,Annamarie Potter,Agua Blanca,45427,Tlaquepaque,Jalisco,México
3778,Annetta Crossley,LAS LIEBRES,45620,Tlaquepaque,Jalisco,México
3779,Annetta Little,Agua Blanca,45427,Tlaquepaque,Jalisco,México
3780,Annice Bouvet,Agua Blanca,45427,Tlaquepaque,Jalisco,México
3781,Anthony Michael Hall,Agua Blanca,45427,Tlaquepaque,Jalisco,México
3782,Antone Mcdougall,Agua Blanca,45427,Tlaquepaque,Jalisco,México
3783,Antwan Powell,STA. MARIA TEQUEPEXPAN,45600,Tlaquepaque,Jalisco,México
3784,Anwar Sadat, CIUDAD DEL SOL,4505,Zapopan,Jalisco,México
3785,Apetitin espatllarà SLU,Agua Blanca,45427,Tlaquepaque,Jalisco,México
3786,Apryl Downing,Agua Blanca,45427,Tlaquepaque,Jalisco,México
3787,Ara Allman,Agua Blanca,45427,Tlaquepaque,Jalisco,México
3788,Aracely Humara Valluerca, PARAISOS DEL COLLI,45069,Zapopan,Jalisco,México
3789,Aretha Forster,ZONA CENTRO,6000,URUAPAN ,MICHOACAN,MEXICO
3790,Ariana Grande, LA MAGDALENA,45200,Zapopan,Jalisco,México
3791,Arletta Humphreys, LOMAS DEL COLLI,45037,Zapopan,Jalisco,México
3792,Arminius,Agua Blanca,45427,Tlaquepaque,Jalisco,México
3793,Arnold Schwarzenegger,Agua Blanca,45427,Tlaquepaque,Jalisco,México
3794,Arrelat dessalat propiciar CB,CONSTITUCION ,45180,Zapopan,Jalisco,México
3795,Arthur Macrae,Agua Blanca,45427,Tlaquepaque,Jalisco,México
3796,Ashley Tisdale,Agua Blanca,45427,Tlaquepaque,Jalisco,México
3797,Assegurara plovers SA,Agua Blanca,45427,Tlaquepaque,Jalisco,México
3798,Astrid Lira Cantera,Agua Blanca,45427,Tlaquepaque,Jalisco,México
3799,Atenyessen àpoca albardanejaria SA,Agua Blanca,45427,Tlaquepaque,Jalisco,México
3800,atilla the hun,Agua Blanca,45427,Tlaquepaque,Jalisco,México
3801,Atlàntic digitaran ,Agua Blanca,45427,Tlaquepaque,Jalisco,México
3802,Audie Peters,Agua Blanca,45427,Tlaquepaque,Jalisco,México
3803,Augustus Caesar, FERROCARRIL,4440,Guadalajara,Jalisco,México
3804,Augustus II the Strong,Agua Blanca,45427,Tlaquepaque,Jalisco,México
3805,Aurelio Traynor,Agua Blanca,45427,Tlaquepaque,Jalisco,México
3806,Auriques groguejaran CB, PROVIDENCIA,4463,Guadalajara,Jalisco,México
3807,Ayalibys San Argudo,Agua Blanca,45427,Tlaquepaque,Jalisco,México
3808,Babe Ruth,FERROCARRIL,44440,Guadalajara,Jalisco,México
3809,Baldwin I. of Jerusalem,Agua Blanca,45427,Tlaquepaque,Jalisco,México
3810,Barack Obama, LADRON DE GUEVARA,44600,Guadalajara,Jalisco,México
3811,Bascarem torressis ralingue SLU, TOLUQUILLA,45640,Tlajomulco de Zuñiga,Jalisco,Mexico
3812,Batejaven camanduleges SA,Agua Blanca,45427,Tlaquepaque,Jalisco,México
3813,Beata Dunne,COLINAS DE ATEMAJAC,45170,Zapopan,Jalisco,México
3814,Becky Mcnally, RESIDENCIAL VICTORIA,44560,Guadalajara,Jalisco,México
3815,Belinda Armesto Godan, JARDINES DE LOS ARCOS,44500,Guadalajara,Jalisco,México
3816,Belva Boyce,Agua Blanca,45427,Tlaquepaque,Jalisco,México
3817,Ben Bowes,Agua Blanca,45427,Tlaquepaque,Jalisco,México
3818,Benedict Dalton,Agua Blanca,45427,Tlaquepaque,Jalisco,México
3819,Benito Mussolini,Agua Blanca,45427,Tlaquepaque,Jalisco,México
3820,Benjamin Franklin,AGUA BLANCA INDUSTRIAL,45235,Zapopan,Jalisco,México
3821,Bernalia Ormaechea Paniagua, CIUDAD DEL SOL,45050,Zapopan,Jalisco,México
3822,Bernardina Griffiths,COLINAS DE ATEMAJAC,45170,Zapopan,Jalisco,México
3823,Bersims sotaiguaríem gallejàssiu CB,Agua Blanca,45427,Tlaquepaque,Jalisco,México
3824,Bertha Hodson,Agua Blanca,45427,Tlaquepaque,Jalisco,México
3825,Bertie Seymour,COLINAS DE ATEMAJAC,45170,Zapopan,Jalisco,México
3826,Bibiana Guilarte Veraza,COLINAS DE ATEMAJAC,45170,Zapopan,Jalisco,México
3827,Bienvenido Anieva Fonelleda,Agua Blanca,45427,Tlaquepaque,Jalisco,México
3828,Billi Ingham,Agua Blanca,45427,Tlaquepaque,Jalisco,México
3829,Billy Bob Thornton,Agua Blanca,45427,Tlaquepaque,Jalisco,México
3830,Bladimir Grande Zambranos,Agua Blanca,45427,Tlaquepaque,Jalisco,México
3831,Blake Griffin,Agua Blanca,45427,Tlaquepaque,Jalisco,México
3832,Blas Tijero Yunibarbia,Agua Blanca,45427,Tlaquepaque,Jalisco,México
3833,Blythe Gould,Agua Blanca,45427,Tlaquepaque,Jalisco,México
3834,Bobby Orr, AGUA BLANCA INDUSTRIAL,43235,Zapopan,Jalisco,México
3835,Borbollons escudejaven SA, LAGOS DE ORIENTE,44770,Guadalajara,Jalisco,México
3836,Boudicca, EL CAMPANARIO,45079,Zapopan,Jalisco,México
3837,Braçolada amaríeu soldejaríem CB, SAN CARLOS,44460,Guadalajara,Jalisco,México
3838,Brain Whelan,Agua Blanca,45427,Tlaquepaque,Jalisco,México
3839,Brande Morrow, VALLARTA SUR,44500,Guadalajara,Jalisco,México
3840,Bresseu claperes SL,Agua Blanca,45427,Tlaquepaque,Jalisco,México
3841,Brett Piercey,Agua Blanca,45427,Tlaquepaque,Jalisco,México
3842,Bridget Morrison,Agua Blanca,45427,Tlaquepaque,Jalisco,México
3843,Brigette Blake,COLINAS DE ATEMAJAC,45170,Zapopan,Jalisco,México
3844,Brigida Santos,Agua Blanca,45427,Tlaquepaque,Jalisco,México
3845,Britney Leach, GUSTAVO DIAZ ORDAZ,45080,Zapopan,Jalisco,México
3846,Brittny Fleming, EL SAUZ,45590,Tlaquepaque,Jalisco,México
3847,Brock Lesnar,Agua Blanca,45427,Tlaquepaque,Jalisco,México
3848,Bruce Jenner,Agua Blanca,45427,Tlaquepaque,Jalisco,México
3849,Bruce Lee, EL RETIRO,44280,Guadalajara,Jalisco,México
3850,Buena Wiggins,Agua Blanca,45427,Tlaquepaque,Jalisco,México
3851,Burn Gorman,Agua Blanca,45427,Tlaquepaque,Jalisco,México
3852,Cael Sanderson,Agua Blanca,45427,Tlaquepaque,Jalisco,México
3853,Caitlin Clarke,COLINAS DE ATEMAJAC,45170,Zapopan,Jalisco,México
3854,Cal Ripken,COLINAS DE ATEMAJAC,45170,Zapopan,Jalisco,México
3855,Caleb Plant, SAN FRANCISCO,44790,Guadalajara,Jalisco,México
3856,Callie Alexander,Agua Blanca,45427,Tlaquepaque,Jalisco,México
3857,Cam Gigandet,Agua Blanca,45427,Tlaquepaque,Jalisco,México
3858,Cambrejàssiu amoltonaríem botada SA,Agua Blanca,45427,Tlaquepaque,Jalisco,México
3859,Candace Parker,Agua Blanca,45427,Tlaquepaque,Jalisco,México
3860,Cándido Bispo Zaldivar,Agua Blanca,45427,Tlaquepaque,Jalisco,México
3861,Capitombada desdibuixésseu palesarem SA,TORRE BLANCA DEL M.HGO,11280,Cancún,Quintana Roo,México
3862,Cara Howard,COLINAS DE ATEMAJAC,45170,Guadalajara,Jalisco,México
3863,Carey Mulligan,Agua Blanca,45427,Tlaquepaque,Jalisco,México
3864,Carl Lewis, IND.VALLEJO DEL AZCAPOTZALCO,2300,Cancún,Quintana Roo,México
3865,Carlene Morton,Agua Blanca,45427,Tlaquepaque,Jalisco,México
3866,Carline Forrest,Agua Blanca,45427,Tlaquepaque,Jalisco,México
3867,Carlos Caldwell,Agua Blanca,45427,Tlaquepaque,Jalisco,México
3868,Carlota Mitchell,Agua Blanca,45427,Tlaquepaque,Jalisco,México
3869,Carly Hunt,Agua Blanca,45427,Tlaquepaque,Jalisco,México
3870,Carly Patterson,SANTA MONICA,44220,Guadalajara,Jalisco,México
3871,Carmela Malone,Agua Blanca,45427,Tlaquepaque,Jalisco,México
3872,Carmen Paliza Feijon,Agua Blanca,45427,Tlaquepaque,Jalisco,México
3873,Carola Baird,Agua Blanca,45427,Tlaquepaque,Jalisco,México
3874,Carolina KlÃ¼ft,JALISCO,45403,Tlaquepaque,Jalisco,México
3875,Caroline Dhavernas,Agua Blanca,45427,Tlaquepaque,Jalisco,México
3876,Carrie-Anne Moss,Agua Blanca,45427,Tlaquepaque,Jalisco,México
3877,Cascadejo colonitzador desembalumaríem ,Agua Blanca,45427,Tlaquepaque,Jalisco,México
3878,Casimiro Romarote Galo,JARDINES DEL SOL,45050,Zapopan,Jalisco,México
3879,Cassi Roche,Agua Blanca,45427,Tlaquepaque,Jalisco,México
3880,Cassie Jordan,Agua Blanca,44600,Guadalajara,Jalisco,México
3881,Cassondra Reed,COLINAS DE ATEMAJAC,45170,Zapopan,Jalisco,México
3882,Catherine Caldwell,Agua Blanca,45427,Tlaquepaque,Jalisco,México
3883,Catherine the Great,Agua Blanca,45427,Tlaquepaque,Jalisco,México
3884,Cathey Mclaughlin,VISTAS DEL SOL,45237,Zapopan,Jalisco,México
3885,Cavalquesses sobresanareu CB,AMERICANA,44140,Guadalajara,Jalisco,México
3886,Cecil Jacobs,Agua Blanca,45427,Tlaquepaque,Jalisco,México
3887,Cecil Mcconnell,Agua Blanca,45427,Tlaquepaque,Jalisco,México
3888,Cesareo Santandres Urquicia,Agua Blanca,45427,Tlaquepaque,Jalisco,México
3889,Chang Philip,CENTRO,44100,Guadalajara,Jalisco,México
3890,Channing Tatum,Agua Blanca,45427,Tlaquepaque,Jalisco,México
3891,Charlemagne,Agua Blanca,45427,Tlaquepaque,Jalisco,México
3892,Charles Booth,Agua Blanca,45427,Tlaquepaque,Jalisco,México
3893,Charley Swan,Agua Blanca,45427,Tlaquepaque,Jalisco,México
3894,Charlie Hunnam,Agua Blanca,45427,Tlaquepaque,Jalisco,México
3895,Charlott Browne,Agua Blanca,45427,Tlaquepaque,Jalisco,México
3896,Chasidy Casey,Agua Blanca,45427,Tlaquepaque,Jalisco,México
3897,Chaya Boyce,Agua Blanca,45427,Tlaquepaque,Jalisco,México
3898,Che Guevara,Agua Blanca,45427,Tlaquepaque,Jalisco,México
3899,Cheree Peel,PROVIDENCIA,44620,Guadalajara,Jalisco,México
3900,ChloÃ« Grace Moretz,CENTRO,59600,Cancún,Quintana Roo,México
3901,Chong Blackmore,COLINAS DE ATEMAJAC,45170,Guadalajara,Jalisco,México
3902,Chris Hemsworth,Agua Blanca,45427,Tlaquepaque,Jalisco,México
3903,Christene Monaghan,Agua Blanca,45427,Tlaquepaque,Jalisco,México
3904,Christopher Nolan,Agua Blanca,45427,Tlaquepaque,Jalisco,México
3905,Cierra Cameron,Agua Blanca,45427,Tlaquepaque,Jalisco,México
3906,Cipolí formatgera palatinats SL,Agua Blanca,45427,Tlaquepaque,Jalisco,México
3907,Clarisa Carlos Bellosillo,BOSQUES DE LA VICTORIA,44540,Guadalajara,Jalisco,México
3908,Clark Reeve,COLINAS DE ATEMAJAC,45170,Guadalajara,Jalisco,México
3909,Classie Clarke,RINCONADA LAS PALMAS,45130,Zapopan,Jalisco,México
3910,Clementina Kidd,ATLAS,44870,Guadalajara,Jalisco,México
3911,Cleopatra,Agua Blanca,45427,Tlaquepaque,Jalisco,México
3912,Colin Farrell,Agua Blanca,45427,Tlaquepaque,Jalisco,México
3913,Colin O'Donoghue,Agua Blanca,45427,Tlaquepaque,Jalisco,México
3914,Colltrenqui cisallades SA,Agua Blanca,45427,Tlaquepaque,Jalisco,México
3915,Conrad Watts,Agua Blanca,45427,Tlaquepaque,Jalisco,México
3916,Constantine the Great,Agua Blanca,45427,Tlaquepaque,Jalisco,México
3917,Convengueu hereditàries SA,Agua Blanca,45427,Tlaquepaque,Jalisco,México
3918,Cordelia Woolley,JARDINES DE SAN IGNACIO,45040,Zapopan,Jalisco,México
3919,Corene Gilmour,Agua Blanca,45427,Tlaquepaque,Jalisco,México
3920,Corie Anderson,LOS PINOS,45120,Zapopan,Jalisco,México
3921,Corine Nash,Agua Blanca,45427,Tlaquepaque,Jalisco,México
3922,Cory Monteith,Agua Blanca,45427,Tlaquepaque,Jalisco,México
3923,Courtney Greig,COLINAS DE ATEMAJAC,45170,Guadalajara,Jalisco,México
3924,Coy Kenny,LOMAS DE GUEVARA,44657,Guadalajara,Jalisco,México
3925,Crazy Horse,JARDINES DE GUADALUPE,45030,Zapopan,Jalisco,México
3926,Crií bernesa pelegrinàreu SL,LAS AGUILAS,45080,Zapopan,Jalisco,México
3928,Cristiano Ronaldo,Agua Blanca,45427,Tlaquepaque,Jalisco,México
3929,Cristie Sharma,Agua Blanca,45427,Tlaquepaque,Jalisco,México
3930,Cristine Harrison,Agua Blanca,45427,Tlaquepaque,Jalisco,México
3931,Cristobal Dunkley,Agua Blanca,45427,Tlaquepaque,Jalisco,México
3932,CYRUS the GREAT,Agua Blanca,45427,Tlaquepaque,Jalisco,México
3933,Dafne Forcen Morentin,Agua Blanca,45427,Tlaquepaque,Jalisco,México
3934,Dakota Fanning,Agua Blanca,45427,Tlaquepaque,Jalisco,México
3935,Dale Earnhardt,Agua Blanca,45427,Tlaquepaque,Jalisco,México
3936,Dan Heaton,CENTRO,59980,TINGUINDIN,MICHOACAN,MEXICO
3937,Dane DeHaan,Agua Blanca,45427,Tlaquepaque,Jalisco,México
3938,Daniele Black,Agua Blanca,45427,Tlaquepaque,Jalisco,México
3939,Dannie Fox,CIUDAD GRANJA,45010,Zapopan,Jalisco,México
3940,Danny Trejo,Agua Blanca,45427,Tlaquepaque,Jalisco,México
3941,Dario Rowland,COLINAS DE ATEMAJAC,45170,Zapopan,Jalisco,México
3942,Darius The Great,LAS JUNTAS,45590,Tlaquepaque,Jalisco,México
3943,David Ortiz,Agua Blanca,45427,Tlaquepaque,Jalisco,México
3944,Del Leslie,Agua Blanca,45427,Tlaquepaque,Jalisco,México
3945,Democratitzem emportinaven SA,COLINAS DE ATEMAJAC,45170,Zapopan,Jalisco,México
3946,Dena Carpenter,Agua Blanca,45427,Tlaquepaque,Jalisco,México
3947,Denzel Washington,Agua Blanca,45427,Tlaquepaque,Jalisco,México
3948,Desembalàs queixalat ,COLINAS DE ATEMAJAC,45170,Zapopan,Jalisco,México
3949,Desemmantellis translativa equivocau SA,JARDINES DE SAN IGNACIO,45040,Zapopan,Jalisco,México
3950,Desempapatxes amotessin SLU,Agua Blanca,45427,Tlaquepaque,Jalisco,México
3951,Desenllaquésseu afanyassin juràssiu SLU,COLINAS DE ATEMAJAC,45170,Guadalajara,Jalisco,México
3952,Desenllardisses envaeix laboratori SA,Agua Blanca,45427,Tlaquepaque,Jalisco,México
3953,Desenllepolix immigrats SL,COLINAS DE ATEMAJAC,45170,Zapopan,Jalisco,México
3954,Desfavoreixo electriu ornamentarien SLU,Agua Blanca,45427,Tlaquepaque,Jalisco,México
3955,Desfolrassin deshabitis motorismes ,Agua Blanca,45427,Tlaquepaque,Jalisco,México
3956,Desgelarien blasonam SLU,Agua Blanca,45427,Tlaquepaque,Jalisco,México
3957,Desitjaríem incitàrem SA,EL COLLI URBANO,45070,Zapopan,Jalisco,México
3958,Deslletarem paronomàstics SLU,Agua Blanca,45427,Tlaquepaque,Jalisco,México
3959,Despalatalitzam formatjà descol·locassis SA,Agua Blanca,45427,Tlaquepaque,Jalisco,México
3960,Destiny Norris,Agua Blanca,45427,Tlaquepaque,Jalisco,México
3961,Desvalorau embofegar replugí ,Agua Blanca,45427,Tlaquepaque,Jalisco,México
3962,Devin Redmond,Agua Blanca,44160,Guadalajara,Jalisco,México
3963,Dia Barber,Agua Blanca,45427,Tlaquepaque,Jalisco,México
3964,Dialectologies copat SLU,Agua Blanca,45427,Tlaquepaque,Jalisco,México
3965,Diane Kruger,Agua Blanca,45427,Tlaquepaque,Jalisco,México
3966,Diane Lane,Agua Blanca,45427,Tlaquepaque,Jalisco,México
3967,Dina Candana Oneca,Agua Blanca,45427,Tlaquepaque,Jalisco,México
3968,Dina Portera Ordax,COLINAS DE ATEMAJAC,45170,Zapopan,Jalisco,México
3969,Dionna Beal,Agua Blanca,45427,Tlaquepaque,Jalisco,México
3970,Dirk Nowitzki,Agua Blanca,45427,Tlaquepaque,Jalisco,México
3971,Dividint predominàvem ,EL COLLI,45070,Zapopan,Jalisco,México
3972,Dmitry Donskoy,LADRON DE GUEVARA,44600,Guadalajara,Jalisco,México
3973,Don Hutson,Agua Blanca,45427,Tlaquepaque,Jalisco,México
3974,Donald Allman,Agua Blanca,45427,Tlaquepaque,Jalisco,México
3975,Donald Bradman,Agua Blanca,45427,Tlaquepaque,Jalisco,México
3976,Donald Nixon,PROVIDENCIA,4550,Zapopan,Jalisco,México
3977,Dong Nelson,RESIDENCIAL VICTORIA,45089,Zapopan,Jalisco,México
3978,Donita Travers,COLINAS DE ATEMAJAC,45170,Zapopan,Jalisco,México
3979,Donte Hook,Agua Blanca,45427,Tlaquepaque,Jalisco,México
3980,Dorcas Whittle,BOLIVAR DE LOS PADRES,1780,Cancún,Quintana Roo,México
3981,Doreatha Potter,Agua Blanca,45427,Tlaquepaque,Jalisco,México
3982,Doyle Holt,Agua Blanca,45427,Tlaquepaque,Jalisco,México
3983,Dringuejaríeu cruixiria desniem SLU,Agua Blanca,45427,Tlaquepaque,Jalisco,México
3984,Dulce Gibbons,RESIDENCIAL STA.MARGARITA,45130,Zapopan,Jalisco,México
3985,Dwyane Wade,COLINAS DE ATEMAJAC,45170,Zapopan,Jalisco,México
3986,Earlene Mcdermott,JDES.DE LA PLAZA DEL SOL,44510,Guadalajara,Jalisco,México
3987,Easter Corrigan,Agua Blanca,45427,Tlaquepaque,Jalisco,México
3988,Eden Sher,Agua Blanca,45427,Tlaquepaque,Jalisco,México
3989,Eden Williamson,LOS ENCINOS,20126,Aguascalientes,Aguascalientes,México
3990,Edward Norton,JARDINES DE LA CRUZ,44540,Guadalajara,Jalisco,México
3991,Eimar Pescaredo Alcalde,AURORA,44790,Guadalajara,Jalisco,México
3992,Electra Pastor Beitia,Agua Blanca,45427,Tlaquepaque,Jalisco,México
3993,Elisha Cuthbert,Agua Blanca,45427,Tlaquepaque,Jalisco,México
3994,Elizabeth I of England,ARTESANOS,45598,Tlaquepaque,Jalisco,México
3995,Elizebeth Nairn,Agua Blanca,45427,Tlaquepaque,Jalisco,México
3996,Elmer Bonner,Agua Blanca,45427,Tlaquepaque,Jalisco,México
3997,Elois Reilly,Agua Blanca,45427,Tlaquepaque,Jalisco,México
3998,Eloisa Searle,COLINAS DE ATEMAJAC,45170,Zapopan,Jalisco,México
3999,Elton Banks,JARDINES DEL SOL,45050,Zapopan,Jalisco,México
4000,Embagaren desempaquetem envaïa CB,Agua Blanca,45427,Tlaquepaque,Jalisco,México
4001,Emelia Harwood,Agua Blanca,45427,Tlaquepaque,Jalisco,México
4002,Emeline Shepherd,Agua Blanca,45427,Tlaquepaque,Jalisco,México
4003,Emerson Stephenson,CAMINO REAL,45040,Zapopan,Jalisco,México
4004,Emilia Gilmour,Agua Blanca,45427,Tlaquepaque,Jalisco,México
4005,Emily Osment,Agua Blanca,45427,Tlaquepaque,Jalisco,México
4006,Emma Stone,RINCONADA DEL BOSQUE,44540,Guadalajara,Jalisco,México
4007,Emmaline Berry,Agua Blanca,45427,Tlaquepaque,Jalisco,México
4008,Emperor Meiji,Agua Blanca,45427,Tlaquepaque,Jalisco,México
4009,Empress Jingu,Agua Blanca,45427,Tlaquepaque,Jalisco,México
4010,Encarna Horihuela Morana,RESIDENCIAL JUAN MANUEL,44680,Guadalajara,Jalisco,México
4011,Endomassares fregeixi SLU,Agua Blanca,45427,Tlaquepaque,Jalisco,México
4012,Engallofiran tifegem comandaríem CB,Agua Blanca,45427,Tlaquepaque,Jalisco,México
4013,Entebeírem descrostessin deixem SA,COLINAS DE ATEMAJAC,45170,Zapopan,Jalisco,México
4014,Entorcillarà negligència SLU,DEL FRESNO,44900,Guadalajara,Jalisco,México
4015,Entrenyellàssim adherissen ,CAMINO REAL,45040,Zapopan,Jalisco,México
4016,Eric the Red,Agua Blanca,45427,Tlaquepaque,Jalisco,México
4017,Erica Hunter,EL ALAMO,45560,Tlaquepaque,Jalisco,México
4018,Esbatussem aureolant ,DEL FRESNO,44909,Guadalajara,Jalisco,México
4019,Espantacaçadors empallissi enlleganyis ,SAN CARLOS,44460,Guadalajara,Jalisco,México
4020,Esquits verberaven jalonat CB,FERROCARRIL,46400,Cancún,Quintana Roo,México
4021,Estefanía Yunibarbia Ester,JARDIN REAL,45019,Zapopan,Jalisco,México
4022,Esther Arizmendi Urigarri,Agua Blanca,45170,Zapopan,Jalisco,México
4023,Estrenàs saludaran saltironejarien SA,ALCALDE BARRANQUITAS,44270,Guadalajara,Jalisco,México
4024,Estuforneu acagallonàreu multiplicands SLU,Agua Blanca,45427,Tlaquepaque,Jalisco,México
4025,Eternalment votàssiu desacceleraran SL,JARDINES DEL BOSQUE,44520,Guadalajara,Jalisco,México
4026,Eugenio Maguire,AMERICANA,44140,Guadalajara,Jalisco,México
4027,Eula Hamer,COLINAS DE ATEMAJAC,45170,Guadalajara,Jalisco,México
4029,Eun Cartwright,Agua Blanca,45427,Tlaquepaque,Jalisco,México
4030,Evalyn Mcdougall,JARDINES DEL BOSQUE,44570,Guadalajara,Jalisco,México
4031,Evarista San Aedo,Agua Blanca,45427,Tlaquepaque,Jalisco,México
4032,Expugnaria bronzeres SL,Agua Blanca,45427,Tlaquepaque,Jalisco,México
4033,Extrusiu grossala ,EL BRISEÑO,45236,Zapopan,Jalisco,México
4034,Fanny Watt,Agua Blanca,45427,Tlaquepaque,Jalisco,México
4035,Fedor Emelianenko,COLINAS DE ATEMAJAC,45170,Zapopan,Jalisco,México
4036,Fidel Castro,Agua Blanca,45427,Tlaquepaque,Jalisco,México
4037,Flavius Odoacer,CENTRO,83000,HERMOSILLO,SONORA ,MEXICO
4038,Flectisquen espatllege SLU,JARDINES UNIVERSIDAD,45110,Zapopan,Jalisco,México
4039,Fran Major,MODERNA,44190,Guadalajara,Jalisco,México
4040,Frances Fisher,Agua Blanca,45427,Tlaquepaque,Jalisco,México
4041,Francesco Curran,Agua Blanca,45427,Tlaquepaque,Jalisco,México
4042,Francesco Totti,CONCEPCION LA CRUZ,72197,Cancún,Quintana Roo,México
4043,Francisco Colley,Agua Blanca,45427,Tlaquepaque,Jalisco,México
4044,Frank Fredericks,Agua Blanca,45427,Tlaquepaque,Jalisco,México
4045,Frankie Hook,Agua Blanca,45427,Tlaquepaque,Jalisco,México
4046,Franklin D. Roosevelt,ARCOS VALLARTA,44130,Guadalajara,Jalisco,México
4047,"Franklin Delano Roosevelt, Jr.",SAN SEBASTIAN EL GDE,44600,Tlajomulco de Zuñiga,Jalisco,Mexico
4048,Freddie Highmore,HECHEVERRIA,44970,Guadalajara,Jalisco,México
4049,Frederick the Great,CENTRO,44100,Guadalajara,Jalisco,México
4050,Frieda Joyce,JARDINES VALLARTA,45020,Zapopan,Jalisco,México
4051,Furtàvem refusam CB,NUEVA GALICIA,45645,Cancún,Quintana Roo,México
4052,Gallejat desarroentats SA,JARDINES DEL BOSQUE,44520,Guadalajara,Jalisco,México
4053,Gareth Edwards,Agua Blanca,45427,Tlaquepaque,Jalisco,México
4054,Garfield Sobers,FCO.SILVA ROMERO,45630,Tlaquepaque,Jalisco,México
4055,"Gary Ablett, Sr.",Agua Blanca,45427,Tlaquepaque,Jalisco,México
4056,Gemma Arterton,Agua Blanca,45427,Tlaquepaque,Jalisco,México
4057,Gene Conley,Agua Blanca,45427,Tlaquepaque,Jalisco,México
4058,Genesis Alcazar Cerrillo,Agua Blanca,45427,Tlaquepaque,Jalisco,México
4059,Genesis Rodriguez,TEPEYAC,45150,Zapopan,Jalisco,México
4060,Genialitats salpreneu SL,COLINAS DE ATEMAJAC,45170,Zapopan,Jalisco,México
4061,George Best,LAS PINTAS,45690,El Salto,Jalisco,México
4062,George Brett,SANTA ANITA,45645,Tlajomulco de Zuñiga,Jalisco,Mexico
4063,George St.Pierre,Agua Blanca,45427,Tlaquepaque,Jalisco,México
4064,George Washington,Agua Blanca,44440,Guadalajara,Jalisco,México
4065,Georges St-Pierre,COLINAS DE ATEMAJAC,45170,Zapopan,Jalisco,México
4066,Georgette Spence,Agua Blanca,45427,Tlaquepaque,Jalisco,México
4067,Gerald Scott,LA RETAMA,52764,HUIXQUILUCAN,ESTADO DE MEXICO,MEXICO
4068,Gerard Butler,Agua Blanca,45427,Tlaquepaque,Jalisco,México
4069,Gerard Silva,Agua Blanca,45427,Tlaquepaque,Jalisco,México
4070,Gerardo Quejana Delgado,Agua Blanca,45427,Tlaquepaque,Jalisco,México
4071,Gerardo Whitehouse,Agua Blanca,45427,Tlaquepaque,Jalisco,México
4072,"Gerold, Prefect of Bavaria",Agua Blanca,45427,Tlaquepaque,Jalisco,México
4073,Gertie Curtis,RANCHO NUEVO,44240,Guadalajara,Jalisco,México
4074,Gertrudis Dale,COLINAS DE ATEMAJAC,45170,Guadalajara,Jalisco,México
4075,Gholamreza Takhti,Agua Blanca,45427,Tlaquepaque,Jalisco,México
4076,Gigi Horton,COLINAS DE ATEMAJAC,45170,Zapopan,Jalisco,México
4077,Gladis Begum,MERCADO DE ABASTOS,44530,Guadalajara,Jalisco,México
4078,Glennie Waters,COLINAS DE ATEMAJAC,45170,Guadalajara,Jalisco,México
4079,Gordie Howe,Agua Blanca,45427,Tlaquepaque,Jalisco,México
4080,Gramatitzam desenaste desargollaves SA,Agua Blanca,45427,Tlaquepaque,Jalisco,México
4081,Gregorio Lennon,PRADOS VALLARTA,45020,Zapopan,Jalisco,México
4083,Gronxolàrem caponar SA,FLORES MAGON,45417,TONALA,JALISCO,MEXICO
4084,Guacimara Ortiz Loureiro,COLINAS DE ATEMAJAC,45170,Zapopan,Jalisco,México
4085,Guaxara Cedron Vinegra,Agua Blanca,45427,Tlaquepaque,Jalisco,México
4086,Guillermo Nalda Carrasquedo,CONSTITUCION ,45180,Zapopan,Jalisco,México
4087,Gustavus Adolphus of Sweden,COLINAS DE ATEMAJAC,45170,Zapopan,Jalisco,México
4088,Hai Hume,Agua Blanca,45427,Tlaquepaque,Jalisco,México
4089,Hakeem Olajuwon,JARDINES DEL SOL,45050,Zapopan,Jalisco,México
4090,Haley Kaur,BUENOS AIRES,44983,Guadalajara,Jalisco,México
4091,Hammurabi,Agua Blanca,45427,Tlaquepaque,Jalisco,México
4092,Hang Willis,ZONA INDUSTRIAL,44940,Guadalajara,Jalisco,México
4093,Hannibal,Agua Blanca,45427,Tlaquepaque,Jalisco,México
4094,Harold Curtis,BOSQUES DE LA VICTORIA,44550,Zapopan,Jalisco,México
4095,Harry Booth,Agua Blanca,45427,Tlaquepaque,Jalisco,México
4097,Harry S. Truman,Agua Blanca,45427,Tlaquepaque,Jalisco,México
4098,Hassan Park,COLINAS DE ATEMAJAC,45170,Guadalajara,Jalisco,México
4099,Hayden Christensen,Agua Blanca,45427,Tlaquepaque,Jalisco,México
4100,Hayden Panettiere,CENTRO,27100,Cancún,Quintana Roo,México
4101,Heath Ledger,Agua Blanca,45427,Tlaquepaque,Jalisco,México
4102,Heath Pearce,Agua Blanca,45427,Tlaquepaque,Jalisco,México
4103,Hector Mckenna,CIUDAD DEL SOL,45050,Zapopan,Jalisco,México
4104,Henar SopeÑa OÑez,PARQUE INDUSTRIAL CIMEG,83299,HERMOSILLO,SONORA ,MEXICO
4105,Henry Rono,Agua Blanca,45427,Tlaquepaque,Jalisco,México
4106,"Henry VII, Holy Roman Emperor",RESIDENCIAL DEL BOSQUE,44510,Guadalajara,Jalisco,México
4108,Hermina Dunlop,COLINAS DE ATEMAJAC,45170,Guadalajara,Jalisco,México
4109,Herminia Escapa Astorgano,COUNTRY CLUB,44610,Guadalajara,Jalisco,México
4110,Hilton Copeland,COLINAS DE ATEMAJAC,45170,Zapopan,Jalisco,México
4113,Ho Chi Minh,Agua Blanca,45427,Tlaquepaque,Jalisco,México
4114,Homer Neville,Agua Blanca,45427,Tlaquepaque,Jalisco,México
4115,Hope Hamer,CAMINO REAL,45040,Zapopan,Jalisco,México
4116,Hope Solo,PRADOS VALLARTA ,45020,Zapopan,Jalisco,México
4117,Hortensia Romano Zaera,JOCOTAN,45017,Zapopan,Jalisco,México
4118,Hossein Rezazadeh,COLINAS DE ATEMAJAC,45170,Zapopan,Jalisco,México
4119,Huey Phillips,Agua Blanca,45427,Tlaquepaque,Jalisco,México
4121,Hugh Dancy,LOMAS DE GUADALUPE,45038,Zapopan,Jalisco,México
4124,Hugo Simons,Agua Blanca,45427,Tlaquepaque,Jalisco,México
4125,Humberto Lerin Raigadas,Agua Blanca,45427,Tlaquepaque,Jalisco,México
4126,Ian Thorpe,COLINAS DE ATEMAJAC,45170,Zapopan,Jalisco,México
4127,Impertèrrita beli SA,PROVIDENCIA,44630,Guadalajara,Jalisco,México
4128,Incentivaries pervertesc ,PRADOS VALLARTA,45020,Zapopan,Jalisco,México
4129,Indicà càbries SA,PRADOS VALLARTA,45020,Zapopan,Jalisco,México
4130,Indicada enforfollem SLU,Agua Blanca,45427,Tlaquepaque,Jalisco,México
4131,Inés Fabelo Somoza,COLINAS DE ATEMAJAC,45170,Guadalajara,Jalisco,México
4132,Instituint llevaneu SA,Agua Blanca,45427,Tlaquepaque,Jalisco,México
4133,Intercanviaven mugís lucressen SL,MEXICALTZINGO,44180,Guadalajara,Jalisco,México
4134,Intruïsques quillaven esbocinàssiu ,Agua Blanca,45427,Tlaquepaque,Jalisco,México
4135,Iñaki Repuente Miruena,MORELOS,44910,Guadalajara,Jalisco,México
4136,Iñaki Toledo Madinabeitia,COLINAS DE ATEMAJAC,45170,Zapopan,Jalisco,México
4137,Iracundes motegésseu glapies CB,AMERICANA,44100,Guadalajara,Jalisco,México
4138,Iris Gibson,COLINAS DE ATEMAJAC,45170,Guadalajara,Jalisco,México
4139,Isabel Chapado Lerea, RESIDENCIAL REAL VALLARTA,45030,Zapopan,Jalisco,México
4140,Iver Francisco Pison,RINCONADA DEL BOSQUE,44530,Guadalajara,Jalisco,México
4141,Ivonne Maxwell,PRADOS PROVIDENCIA,44670,Guadalajara,Jalisco,México
4142,Iwan Rheon,Agua Blanca,45427,Tlaquepaque,Jalisco,México
4143,Jackson Partridge,Agua Blanca,45427,Tlaquepaque,Jalisco,México
4144,Jacob Aelle Lobo,VALLARTA PONIENTE,44100,Guadalajara,Jalisco,México
4145,Jaime Cottrell,CIUDAD GRANJA,45010,Zapopan,Jalisco,México
4146,Jaimee Holmes,CIUDAD GRANJA,45010,Zapopan,Jalisco,México
4147,James Madison,Agua Blanca,45427,Tlaquepaque,Jalisco,México
4148,James Monroe,JARDINES DE LOS ARCOS,44500,Guadalajara,Jalisco,México
4149,Jamie Campbell Bower,CAMINO REAL,45040,Zapopan,Jalisco,México
4150,Jamie Foxx,ITALIA PROVIDENCIA,44648,Guadalajara,Jalisco,México
4152,Jaquelyn Bernard,JUAN MANUEL VALLARTA,45120,Zapopan,Jalisco,México
4153,Jarod Judge,CONDOMINIO SANTA ANITA CLUB DE GOLF,45645,Tlajomulco de Zuñiga,Jalisco,Mexico
4154,Jayme Stephenson,COLINAS DE ATEMAJAC,45170,Guadalajara,Jalisco,México
4155,Jean Kasem,JARDINES DEL BOSQUE,44520,Guadalajara,Jalisco,México
4156,Jeanine Maguire,LOMAS DEL BOSQUE,45116,Zapopan,Jalisco,México
4157,Jeff Ward,AGUA BLANCA INDUSTRIAL,45234,Zapopan,Jalisco,México
4158,Jena Malone,COUNTRY CLUB ,44610,Guadalajara,Jalisco,México
4159,Jennefer Morris,COUNTRY CLUB,44610,Guadalajara,Jalisco,México
4160,Jennifer Lawrence,COUNTRY CLUB,44610,Guadalajara,Jalisco,México
4161,Jeremy Wotherspoon,COUNTRY CLUB,44610,Guadalajara,Jalisco,México
4162,Jerrod Savage,COUNTRY CLUB,44610,Guadalajara,Jalisco,México
4163,Jerry West,COLINAS DE ATEMAJAC,45170,Zapopan,Jalisco,México
4164,Jesse Owens,ZONA INDUSTRIAL,44440,Guadalajara,Jalisco,México
4165,Jessica Alba,LADRON DE GUEVARA,44600,Guadalajara,Jalisco,México
4166,Jessica Chastain,UNIVERSITARIA,44840,Guadalajara,Jalisco,México
4167,Jewell Fitzpatrick,JARDINES DE LOS ARCOS,44500,Guadalajara,Jalisco,México
4168,Ji England,JARDINES UNIVERSIDAD ,45110,Zapopan,Jalisco,México
4172,Jim Ryan,Agua Blanca,45427,Tlaquepaque,Jalisco,México
4173,Joan of Arc,COLINAS DE ATEMAJAC,45170,Zapopan,Jalisco,México
4175,Joe Montana,Agua Blanca,45427,Tlaquepaque,Jalisco,México
4176,Johan Cruyff,JARDINES DE SAN IGNACIO,45040,Zapopan,Jalisco,México
4177,John Adams,GENERAL REAL,44400,Guadalajara,Jalisco,México
4178,John F. Kennedy,COLINAS DE ATEMAJAC,45170,Guadalajara,Jalisco,México
4179,Johna Woodcock,CENTRO,47600,TEPATITLAN,JALISCO,MEXICO
4180,Jonathan Groff,PARQUE INDUSTRIAL EL ALAMO,44490,Guadalajara,Jalisco,México
4182,Jonathan Rhys Meyers,JARDINES ALCALDE,44290,Guadalajara,Jalisco,México
4183,Jonelle Rudd,ZONA INDUSTRIAL ,44940,Guadalajara,Jalisco,México
4184,Jong Fenton,Agua Blanca,45427,Tlaquepaque,Jalisco,México
4185,Joseph Gordon-Levitt,Agua Blanca,45427,Tlaquepaque,Jalisco,México
4186,Joseph Morgan,CD. GRANJA,44289,Guadalajara,Jalisco,México
4187,Joseph Stalin,RANCHO NUEVO,44240,Guadalajara,Jalisco,México
4188,Josh Gad,Agua Blanca,45427,Tlaquepaque,Jalisco,México
4189,Josip Broz Tito,COLINAS DE ATEMAJAC,45170,Guadalajara,Jalisco,México
4190,Joycelyn Wainwright,CIUDAD  GRANJA,45010,Zapopan,Jalisco,México
4191,Judson Fleming,LOS MESEROS,45510,Tlaquepaque,Jalisco,México
4192,Judy Clay,BUGAMBILIAS,45238,Zapopan,Jalisco,México
4193,Julene Watt,CENTRO,44100,Guadalajara,Jalisco,México
4194,Julia Plaza Saiz,COLINAS DE ATEMAJAC,45170,Zapopan,Jalisco,México
4195,Julia Roberts,JARDINES DEL SUR,44950,Guadalajara,Jalisco,México
4196,Julia Stiles,FERROCARRIL,44440,Guadalajara,Jalisco,México
4197,Julianne Moore,COLINAS DE ATEMAJAC,45170,Guadalajara,Jalisco,México
4198,Julie Nicol,Agua Blanca,45427,Tlaquepaque,Jalisco,México
4199,Julio CÃ©sar ChÃ¡vez,COLINAS DE ATEMAJAC,45170,Guadalajara,Jalisco,México
4201,Julio Childs,CAMPO POLO,45040,Zapopan,Jalisco,México
4202,Julius Caesar,Agua Blanca,45427,Tlaquepaque,Jalisco,México
4203,Julius Peppers,Agua Blanca,45427,Tlaquepaque,Jalisco,México
4204,Justinian I,COLINAS DE ATEMAJAC,45170,Guadalajara,Jalisco,México
4205,Kam Keenan,VALLARTA SAN JORGE,44690,Guadalajara,Jalisco,México
4206,Kareem Abdul-Jabbar,CIUDAD DE LOS NIÑOS ,45040,Zapopan,Jalisco,México
4207,Karen Smyers,Agua Blanca,45427,Tlaquepaque,Jalisco,México
4208,Karim Colmenares Unzaga,COLINAS DE ATEMAJAC,45170,Guadalajara,Jalisco,México
4209,Karl Marx,AMERICANA,45010,Guadalajara,Jalisco,México
4210,Karl Tabares Santecilla,Agua Blanca,45427,Tlaquepaque,Jalisco,México
4211,Karleen Payne,Agua Blanca,45427,Tlaquepaque,Jalisco,México
4212,Kate Hudson,Agua Blanca,45427,Tlaquepaque,Jalisco,México
4213,Kate Rodriguez,COLINAS DE ATEMAJAC,45170,Guadalajara,Jalisco,México
4214,Kate Upton,REAL VALLARTA,45030,Zapopan,Jalisco,México
4215,Katherine Heigl,VALENTIN GOMEZ FARIAS,44970,Guadalajara,Jalisco,México
4216,Katheryn Winnick,OBRERA ,44420,Guadalajara,Jalisco,México
4217,Kathryn Farley,LAS CAÑADAS,45204,Zapopan,Jalisco,México
4218,Kayleigh Bate,LOMAS DEL SUR ,44600,Tlajomulco de Zuñiga,Jalisco,Mexico
4219,Ken Block,CD. DE LOS NIÑOS ,45040,Zapopan,Jalisco,México
4220,Kennith East,JARDINES DEL BOSQUE,44520,Guadalajara,Jalisco,México
4221,Kenny Britt,JARDINES DE SAN IGNACIO,45040,Zapopan,Jalisco,México
4222,Kenton Lang,COLINAS DE ATEMAJAC,45170,Guadalajara,Jalisco,México
4223,Keri Russell,QUINTA VELARDE,44430,Guadalajara,Jalisco,México
4224,Kermit Grimes,COLINAS DE ATEMAJAC,45170,Zapopan,Jalisco,México
4225,Keshia Waring,SAN MIGUEL CHAPULTEPEC,11850,Mexico DF,Mexico DF,Mexico
4226,Kevin Costner,JARDINES DEL BOSQUE ,44520,Guadalajara,Jalisco,México
4227,Kevin Durant,COLONOS PROVIDENCIA,44660,Guanajuato,Guanajuato,México
4228,Khalilah Talbot,MONRRAZ,44670,Guadalajara,Jalisco,México
4229,Kiefer Ravena,DEL VALLE,3100,Mexico DF,Mexico DF,Mexico
4231,Kirsten Dunst,Agua Blanca,45427,Tlaquepaque,Jalisco,México
4234,Kirstie Welch,CIUDAD  GRANJA,45010,Zapopan,Jalisco,México
4235,Kit Harington,COLINAS DE ATEMAJAC,45170,Zapopan,Jalisco,México
4236,Kortney Sawyer,COLINAS DE ATEMAJAC,45170,Guadalajara,Jalisco,México
4237,Kris Fletcher,COLINAS DE ATEMAJAC,45170,Guadalajara,Jalisco,México
4239,Kristen Stewart,Agua Blanca,45427,Tlaquepaque,Jalisco,México
4240,Kristy Edmonds,Agua Blanca,45427,Tlaquepaque,Jalisco,México
4241,Krisztina Egerszegi,UNION OBRERA,44160,Guadalajara,Jalisco,México
4242,Kubla Khan,MIRAMAR,45060,Zapopan,Jalisco,México
4243,Kym Haines,Agua Blanca,45427,Tlaquepaque,Jalisco,México
4244,LÃ¡szlÃ³ Nagy,JARDINES DE PROVIDENCIA,44630,Guadalajara,Jalisco,México
4245,Lacie Rodriguez,VALLARTA  SUR,44500,Guadalajara,Jalisco,México
4246,Lake Bell,COLINAS DE ATEMAJAC,45170,Zapopan,Jalisco,México
4247,Lakeesha Hudson,Agua Blanca,49000,CIUDAD GUZMAN,JALISCO,MEXICO
4248,Lance Armstrong,DEL FRESNO,44900,Guadalajara,Jalisco,México
4249,Lango Taboada Zamora,VENTA DEL ASTILLERO,45220,Zapopan,Jalisco,México
4250,Lanora Larsen,INDUSTRIAL NOGALAR ,66484,Monterrey,Nuevo Leon,Mexico
4251,Larry Bird,BOSQUES DEL CENTINELA 1,45187,Zapopan,Jalisco,México
4252,Larry Woolley,COLINAS DE ATEMAJAC,45170,Zapopan,Jalisco,México
4253,Lashell Whittaker,COLINAS DE ATEMAJAC,45170,Guadalajara,Jalisco,México
4254,Latia Lyons,CIUDAD DEL SOL,45050,Zapopan,Jalisco,México
4255,Laura Spencer,PRADOS TEPEYAC ,45050,Zapopan,Jalisco,México
4256,Lauralee Fellows,ALTAMIRA ,45160,Zapopan,Jalisco,México
4257,Lauran Warner,DEL FRESNO,44900,Zapopan,Jalisco,México
4258,Laureano Sabugo Tirado,DEITZ,44158,Guadalajara,Jalisco,México
4259,Lauren Miller,CAMINO REAL,45020,Zapopan,Jalisco,México
4260,Laurene Neale,LAS AMERICAS ,44680,Guadalajara,Jalisco,México
4261,Lauri Macdonald,Agua Blanca,45427,Tlaquepaque,Jalisco,México
4262,Lawrence Taylor,CENTRO,59510,JIQUILPAN,MICHOACAN,MEXICO
4263,Le Strong,COLINAS DE ATEMAJAC,45170,Zapopan,Jalisco,México
4264,Leah Shepherd,COLONIAL TLAQUEPAQUE,45570,Tlaquepaque,Jalisco,México
4265,Leanne Mcneill,FRACC. ALAMO INDUSTRIAL,44460,Tlaquepaque,Jalisco,México
4274,Leda Farrow,RANCHO NUEVO,44240,Guadalajara,Jalisco,México
4275,Lee Pace,AMERICANA,44200,Guadalajara,Jalisco,México
4276,Leif Ericson,STA. TERESITA,44200,Guadalajara,Jalisco,México
4277,Len Dawson,PRADOS TEPEYAC,45050,Zapopan,Jalisco,México
4278,Lena Headey,LAS CONCHAS,45040,Guadalajara,Jalisco,México
4279,Lenny Gondorillas Maeda,PRADOS VALLARTA,45020,Zapopan,Jalisco,México
4280,Leo Donnelly,COLINAS DE ATEMAJAC,45170,Guadalajara,Jalisco,México
4281,Leonida Bevan,CIUDAD DE LOS NIÑOS,45040,Zapopan,Jalisco,México
4282,Leonora Gilbey,FCTO. ARBOLEDAS,45070,Zapopan,Jalisco,México
4283,Leroy Ituarte Cotes,JOCOTAN,45017,Zapopan,Jalisco,México
4284,Lesley Wright,MODERNA,44190,Guadalajara,Jalisco,México
4285,Levi Samuels,COLINAS DE ATEMAJAC,45170,Guadalajara,Jalisco,México
4286,Lewis Jarvis,COLOMOS PATRIA,45110,Zapopan,Jalisco,México
4287,Liam Hemsworth,COLINAS DE ATEMAJAC,45170,Zapopan,Jalisco,México
4288,Liam Neeson,MIRADOR DE SAN ISIDRO,45132,Zapopan,Jalisco,México
4289,Liberty Ratcliffe,Agua Blanca,45167,Zapopan,Jalisco,México
4290,Ligia Vozmediano Navarro,LOMA BONITA EJIDAL,45085,Zapopan,Jalisco,México
4291,Lilia Davie,ARCOS VALLARTA,44130,Guadalajara,Jalisco,México
4292,Lilia Penn,LA VENTA DEL ASTILLERO,45221,Zapopan,Jalisco,México
4293,Liliana Oterino Cuquejo,BELIZARIO,44330,Guadalajara,Jalisco,México
4294,Lily Dickinson,VALLARTA NORTE,44690,Guadalajara,Jalisco,México
4295,Lily James,PRADOS VALLARTA ,45020,Zapopan,Jalisco,México
4296,Linda Cardellini,JRD. DEL BOSQUE,45500,Guadalajara,Jalisco,México
4297,Lindsay Lohan,EL CHANTE ,45800,JOCOTEPEC,JALISCO,MEXICO
4298,Lissette Sharp,COLINAS DE ATEMAJAC,45170,Guadalajara,Jalisco,México
4299,Lloyd Drummond,BENITO JUAREZ ,45199,Zapopan,Jalisco,México
4300,Logan Hull,PROVIDENCIA ,44630,Guadalajara,Jalisco,México
4301,Lois Cullen,COLINAS DE ATEMAJAC,45170,Guadalajara,Jalisco,México
4302,Lona Moran,BALCONES DEL SOL ,45060,Zapopan,Jalisco,México
4303,Loralee Sargent,CIRCUMBALACION GUEVARA,44680,Guadalajara,Jalisco,México
4304,Loriann Parry,CENTRO,44180,Guadalajara,Jalisco,México
4305,Lorinda Holden,Agua Blanca,45427,Tlaquepaque,Jalisco,México
4306,Lou Gehrig,LAS PINTITAS,45680,El Salto,Jalisco,México
4307,Louella Higgs,LOMAS BERDES,53120,NAUCALPAN,MEXICO,MEXICO
4308,Loyd Corbett,FTO. 8 DE JULIO,44910,Guadalajara,Jalisco,México
4309,Luciana Noriega Cothal,PASEOS DEL SOL,45079,Zapopan,Jalisco,México
4310,Luciano Grados Lebrija,PRADOS TEPEYAC ,45050,Zapopan,Jalisco,México
4311,Lucien Hewitt,PRADOS TEPEYAC,45050,Zapopan,Jalisco,México
4312,Lucinda Elliott,Agua Blanca,45427,Tlaquepaque,Jalisco,México
4313,Luetta Langley,LOMAS DE ZAPOPAN,45130,Zapopan,Jalisco,México
4314,Luisa Cullen,VALLARTA SAN JORGE,44690,Zapopan,Jalisco,México
4315,Lutgandy Agudo Freyle,PROVIDENCIA,44630,Guadalajara,Jalisco,México
4316,Mabel Hindle,JARDINES DEL NILO,44860,Guadalajara,Jalisco,México
4317,Machelle Kane,CENTRO,44100,Guadalajara,Jalisco,México
4318,Madai Manzarias DueÑas,Agua Blanca,48850,LA HUERTA ,JALISCO,MEXICO
4319,Mads Mikkelsen,Agua Blanca,45427,Tlaquepaque,Jalisco,México
4320,Magan Robinson,JARDINES DE GUADALUPE,45030,Zapopan,Jalisco,México
4321,Magnificar reanimaries CB,ACIENDA SAN JOSE,45106,Tlaquepaque,Jalisco,México
4322,Mahatma Gandhi,COLINAS DE ATEMAJAC,45170,Zapopan,Jalisco,México
4323,Malcolm Daniels,RESIDENCIAL LOMA BONITA,45086,Zapopan,Jalisco,México
4324,Manny Ramirez,LA ESPERANZA ,44300,Guadalajara,Jalisco,México
4325,Mao Zedong,JARDINES DE SAN IGNACIO,45040,Zapopan,Jalisco,México
4327,Maradona,JARDINES DE SAN IGNACIO,45040,Zapopan,Jalisco,México
4328,Marci Carroll,LA FLORESTA,48332,PUERTO VALLARTA,JALISCO,MEXICO
4329,Maregassa entredevorarem CB,Agua Blanca,45427,Tlaquepaque,Jalisco,México
4330,Margaret Thatcher,MODERNA,44190,Guadalajara,Jalisco,México
4331,Margarita Charlton,JARDINES DE PLAZA DEL SOL,44510,Guadalajara,Jalisco,México
4332,Margie Osborne,STA. TERESITA,44600,Guadalajara,Jalisco,México
4333,Margot Robbie,JARDINES DE SAN IGNACIO,45040,Zapopan,Jalisco,México
4334,Mariel Gamble,CIUDAD DEL SOL ,45050,Zapopan,Jalisco,México
4335,Marion Cotillard,COLINAS DE ATEMAJAC,45170,Zapopan,Jalisco,México
4336,Marisela Rioja Garay,SANTA ELENA ALCALDE,44220,Guadalajara,Jalisco,México
4337,Markita Morley,JARDINES DE GUADALUPE,45030,Zapopan,Jalisco,México
4338,Marquis Southern,INDEPENDENCIA,44290,Guadalajara,Jalisco,México
4339,Marshall Leach,COLINAS DE ATEMAJAC,45170,Guadalajara,Jalisco,México
4340,Marta Garibay Vall,Agua Blanca,45427,Tlaquepaque,Jalisco,México
4341,Martina Navratilova,LOMAS DEL COLLI,45037,Zapopan,Jalisco,México
4342,Marvella Stubbs,COLINAS DE ATEMAJAC,45170,Zapopan,Jalisco,México
4343,Mary Lynn Rajskub,JARDINES DE PLAZA DEL SOL,44510,Guadalajara,Jalisco,México
4344,Maryann Bellamy,VALLARTA NORTE,44690,Guadalajara,Jalisco,México
4345,Marybeth Fuller,COLINAS DE ATEMAJAC,45170,Zapopan,Jalisco,México
4346,Maryellen Lloyd,AMERICANA,44160,Guadalajara,Jalisco,México
4347,Maryjo Hulme,CENTRO,59600,ZAMORA ,MICHUACAN,MEXICO
4348,Matt Frost,COLINAS DE ATEMAJAC,45170,Zapopan,Jalisco,México
4349,Maudie O brien,LA TIJERA,45647,Tlajomulco de Zuñiga,Jalisco,Mexico
4350,Maurice Greene,COLINAS DE ATEMAJAC,45170,Zapopan,Jalisco,México
4351,Maurice Rocket Richard,VILLA LA VICTORIA,44535,Guadalajara,Jalisco,México
4352,Mauricio Dunne,PROVIDENCIA,44670,Guadalajara,Jalisco,México
4353,Mavis Lee,COLINAS DE ATEMAJAC,45170,Guadalajara,Jalisco,México
4354,Maxel Rayon Vial,CAMINO REAL,45050,Zapopan,Jalisco,México
4355,"Maximilian I, Holy Roman Emperor",SANTANA TEPETITLAN,45230,Zapopan,Jalisco,México
4356,Maya Nichols,CIUDAD DEL SOL,45050,Zapopan,Jalisco,México
4357,Mayra Yarritu Ciencabrero,JARDINES DEL BOSQUE,44520,Guadalajara,Jalisco,México
4358,Megan Boone,AMERICANA,44160,Guadalajara,Jalisco,México
4359,Melina Brookes,LADRON DE GUEVARA,44650,Guadalajara,Jalisco,México
4360,Mercy Ross,VERGEL,89750,TAMPICO,TAMAULIPAS,MEXICO
4361,Merideth Tait,CONUNTRY CLUB,44610,Guadalajara,Jalisco,México
4362,Meryl Streep,COLINAS DE ATEMAJAC,45170,Guadalajara,Jalisco,México
4363,Micaela Honorato Robles,JUAN MANUEL VALLARTA,45120,Zapopan,Jalisco,México
4364,Micaela Weston,JARDINES DE LOS ARCOS,44500,Guadalajara,Jalisco,México
4365,Michael C. Hall,FTO. BACA,33800,HIDALGO DEL PARRAL,CHIHUHUA,MEXICO
4366,Michael Johnson,ARCOS SUR,44520,Guadalajara,Jalisco,México
4367,Michael Jordan,COLOMOS RESIDENCIAL ,44660,Guadalajara,Jalisco,México
4368,Michael Phelps,PROVIDENCIA,44630,Guadalajara,Jalisco,México
4369,Michael Schumacher,COLINAS DE ATEMAJAC,45170,Zapopan,Jalisco,México
4370,Michael Vick,CIUDAD DEL SOL,45050,Zapopan,Jalisco,México
4371,Michal Cohen,COLINAS DE ATEMAJAC,45170,Zapopan,Jalisco,México
4372,Micheal Phelps,Agua Blanca,45427,Tlaquepaque,Jalisco,México
4373,Michelle Monaghan,Agua Blanca,45427,Tlaquepaque,Jalisco,México
4374,Mickey Mantle,PROVIDENCIA,44630,Guadalajara,Jalisco,México
4375,Mike Tyson,LAS HUERTAS ,44380,Guadalajara,Jalisco,México
4376,Mikhail Gorbachev,ARCOS VALLARTA,44130,Guadalajara,Jalisco,México
4377,Min Gilbey,Agua Blanca,45427,Tlaquepaque,Jalisco,México
4378,Miroslava Cerredo Lugunez,SANTA FE,45168,Zapopan,Jalisco,México
4379,Mitifiquéssim peptitzarien CB,COLINAS DE ATEMAJAC,45170,Zapopan,Jalisco,México
4380,Miyoko Gill,COLINAS DE ATEMAJAC,45170,Guadalajara,Jalisco,México
4381,Moctezuma I,LA PRIMAVERA ,45221,Zapopan,Jalisco,México
4382,Modesta Haynes,Agua Blanca,45427,Tlaquepaque,Jalisco,México
4383,Mohamed Walters,DELEG. CUAUHTEMOC,6000,Mexico DF,Mexico DF,Mexico
4384,Mohammad Gibbs,TABACHINES,45188,Zapopan,Jalisco,México
4385,Moixaina tumefacta vetlava CB,SANTA MARGARITA,45135,Zapopan,Jalisco,México
4386,Monetitzo ganejaran CB,GUADALUPANA,44220,Guadalajara,Jalisco,México
4387,Moon Walmsley,Agua Blanca,45427,Tlaquepaque,Jalisco,México
4388,Morgan Hayward,JARDINES DE SAN IGNACIO,45040,Zapopan,Jalisco,México
4389,Morris Turnbull,COLINAS DE ATEMAJAC,45170,Zapopan,Jalisco,México
4390,Moses,ITALIA,44640,Guadalajara,Jalisco,México
4391,Mother Teresa,SAN MIGUEL DE MEZQUITAN,44260,Guadalajara,Jalisco,México
4392,Muhammad Ali,MERCADO DE ABASTOS,44530,Guadalajara,Jalisco,México
4393,Mustafa Kemal AtatÃ¼rk,COLINAS DE ATEMAJAC,45170,Zapopan,Jalisco,México
4394,Myong Greaves,Agua Blanca,45427,Tlaquepaque,Jalisco,México
4395,Myriam English,Agua Blanca,45427,Tlaquepaque,Jalisco,México
4396,Naim SÃ¼leymanoÄŸlu,COLINAS DE ATEMAJAC,45170,Zapopan,Jalisco,México
4397,Nakisha John,PRADOS TEPEYAC,45050,Zapopan,Jalisco,México
4398,Napoleon Bonaparte,TORRE B 2do NIVEL LADO A,45050,Zapopan,Jalisco,México
4399,Narcelith Irigoras Pico,RESIDENCIAL DEL BOSQUE,44510,Guadalajara,Jalisco,México
4400,Nazario Basagoitia Ochandiano,AMERICANA,44160,Guadalajara,Jalisco,México
4401,Newton Andrew,VILLA SEÑOR,44200,Guadalajara,Jalisco,México
4402,NiccolÃ² Machiavelli,COLINAS DE ATEMAJAC,45170,Guadalajara,Jalisco,México
4403,Nick Collins,VILLA SEÑOR,44600,Guadalajara,Jalisco,México
4404,Nickee Tigero Urdapilleta,UNIDAD REPUBLICA,45160,Zapopan,Jalisco,México
4405,Nicol David,JARDINES DE SAN IGNACIO ,45040,Zapopan,Jalisco,México
4406,Nicolas Cage,PROVIDENCIA  1a 2a y 3a SECCION,44630,Guadalajara,Jalisco,México
4407,Nicole Kidman,ZONA HOTELERA NORTE,48333,PUERTO VALLARTA,JALISCO,MEXICO
4408,Nicolette Cerrillo Nougaro,LOMAS DE TLAQUEPAUQE,45550,Tlaquepaque,Jalisco,México
4409,Nigel Jacobs,LA TIJERA,45645,Tlajomulco de Zuñiga,Jalisco,Mexico
4410,Nikola JuriÅ¡iÄ‡,JARDINES DEL BOSQUE,44520,Guadalajara,Jalisco,México
4411,Nikos Galis,COLINAS DE ATEMAJAC,45170,Zapopan,Jalisco,México
4412,Nilda Vincent,PRADOS VALLARTA,44020,Zapopan,Jalisco,México
4413,Nohely Dragana Balerdi,TLAQUEPAQUE CENTRO,45550,Tlaquepaque,Jalisco,México
4414,Norman Reedus,Agua Blanca,45427,Tlaquepaque,Jalisco,México
4415,Novak Djokovic,Agua Blanca,45427,Tlaquepaque,Jalisco,México
4416,Odell Lowe,CAMINO REAL,45050,Zapopan,Jalisco,México
4417,Ofelia Larrinzar Preciado,STA MARGARITA,45135,Zapopan,Jalisco,México
4418,Ola Leigh,FERROCARRIL,4440,Guadalajara,Jalisco,México
4419,Ollie Stuart,PROVIDENCIA  1º  2º 3º SECCION,44630,Guadalajara,Jalisco,México
4420,Olympia Armstrong,FRACTO. REVOLUCION ,45580,Tlaquepaque,Jalisco,México
4421,Ona Hicks,Agua Blanca,45427,Tlaquepaque,Jalisco,México
4422,Oneida Cole,CENTRO,20000,Aguascalientes,Aguascalientes,México
4423,Oscar adelites nobiliari ,JARDINES DEL SOL,45050,Zapopan,Jalisco,México
4424,Oscar DeLa Hoya,RESIDENCIAL  LA CRUZ,44950,Guadalajara,Jalisco,México
4425,Osdel NiÑo Husarte,Agua Blanca,45427,Tlaquepaque,Jalisco,México
4426,"Otto I the Great, Holy Roman Emperor",PROVIDENCIA ,44630,Guadalajara,Jalisco,México
4427,Otto von Bismarck,JADINES DE PLAZA DEL SOL,44510,Guadalajara,Jalisco,México
4428,Pablo BaragaÑo Falavarte,STA  MARGARITA,45140,Zapopan,Jalisco,México
4429,Pacual Zumel Inda,Agua Blanca,45427,Tlaquepaque,Jalisco,México
4430,Pamelia Randall,COLINAS DE ATEMAJAC,45170,Guadalajara,Jalisco,México
4431,Particia Eastwood,AMERICANA,26750,Guadalajara,Jalisco,México
4432,Patrice Mclean,CENTRO,47600,TEPATITLAN,JALISCO,MEXICO
4433,Patrice Odling,SANTA ANITA,45645,Tlajomulco de Zuñiga,Jalisco,Mexico
4434,Patrick Willis,PROVIDENCIA,44670,Guadalajara,Jalisco,México
4435,Paul Diggin,JARDINES DEL BOSQUE,44520,Guadalajara,Jalisco,México
4436,Paul Reid,Agua Blanca,45427,Tlaquepaque,Jalisco,México
4437,Paula Newby-Fraser,SAN JUAN DE OCOTAN,45019,Zapopan,Jalisco,México
4438,Paula Patton,JARDINES DEL VALLE,45138,Zapopan,Jalisco,México
4439,Pavel NedvÄ›d,JUAN MANUEL VALLARTA,45120,Zapopan,Jalisco,México
4440,Paz Quintarnaya Cobo,MIRADOR DEL SOL ,45054,Zapopan,Jalisco,México
4441,Pearl Howells,DEL SUR,44920,Guadalajara,Jalisco,México
4442,Pedro Martinez,LADRON DE GUEVARA,44650,Guadalajara,Jalisco,México
4443,Pepin the Short,JARDINES DEL BOSQUE,44540,Guadalajara,Jalisco,México
4444,Perifrasejat retraguéreu tosquiràssim CB,RECIDENCIAL PLAZA GUADALUPE,45030,Zapopan,Jalisco,México
4445,Perla Goldsmith,ARBOLEDAS,45070,Zapopan,Jalisco,México
4446,Permitents esbadiassis engrunyoneixen SLU,PASEOS DEL SOL,45079,Zapopan,Jalisco,México
4447,Peter the Great,VALLARTA NORTE ,44690,Guadalajara,Jalisco,México
4448,Philip II of Macedon,LA CORONILLA,45180,Zapopan,Jalisco,México
4449,Pintàs bussejadors tritllejaven ,JARDINES DEL BOSQUE,44520,Guadalajara,Jalisco,México
4450,Plementeria melindrejàs culejaré CB,COLINAS DE ATEMAJAC,45170,Guadalajara,Jalisco,México
4451,Pobreig compactarem SA,AGUA BLANCA,45235,Zapopan,Jalisco,México
4452,Ponentejaran esbarriades SL,COLINAS DE ATEMAJAC,45170,Zapopan,Jalisco,México
4453,Posterguessis reenvidareu SLU,ROMA,64700,Monterrey,Nuevo Leon,Mexico
4454,Presentés despedreguesses SLU,ARBOLEDAS ,45070,Zapopan,Jalisco,México
4455,Pudelàrem canviarien SLU,Agua Blanca,45427,Tlaquepaque,Jalisco,México
4456,Punxo carenejades CB,PROVIDENCIA,44630,Guadalajara,Jalisco,México
4457,Quaid-e-Azam Muhammad Ali Jinnah,LADRON DE GUEVARA,44600,Guadalajara,Jalisco,México
4458,Queen Isabella of Spain,JARDINES DEL COUNTRY,44210,Guadalajara,Jalisco,México
4459,Queen Victoria,COLINAS DE ATEMAJAC,45170,Zapopan,Jalisco,México
4460,Quentin Tarantino,LOMAS ALTAS ,45128,Zapopan,Jalisco,México
4461,Quetzalcoatl Heres Urtueta,LOMAS ALTAS,45128,Zapopan,Jalisco,México
4462,Quiana Whitworth,MIRAVALLE,44990,Guadalajara,Jalisco,México
4463,Quincy Silva,CAMINO REAL ,45050,Zapopan,Jalisco,México
4464,Rachel Nichols,ACIENDA DE TEPEYAC,45053,Zapopan,Jalisco,México
4465,Raeann Beattie,COLINAS DE ATEMAJAC,45170,Zapopan,Jalisco,México
4467,Rafael Nadal,LAS FUENTES,45070,Zapopan,Jalisco,México
4468,Rahul Dravid,ANZURES,11590,Mexico DF,Mexico DF,Mexico
4469,Ralph Waite,COLOMOS PROVIDENCIA ,44660,Guadalajara,Jalisco,México
4470,Ramses II,EL COLLI URBANO,45070,Zapopan,Jalisco,México
4471,Randy Newman,VOLLA DE GUADALUPE ,45189,Zapopan,Jalisco,México
4472,Randy Plummer,Agua Blanca,45427,Tlaquepaque,Jalisco,México
4473,Ray Lewis,ARENALES TAPATIOS,45066,Zapopan,Jalisco,México
4474,Raymonde Kane,VIVIENDA POPULAR,67170,GUADALUPE ,NUEVO LEON,MEXICO
4475,Rebeca Rabin Careaga,COLINAS DE ATEMAJAC,45170,Zapopan,Jalisco,México
4476,Recolzi cementàvem perdura ,AMERICANA,44160,Guadalajara,Jalisco,México
4477,Reesmerçassin dosifiqueu CB,COLINAS DE ATEMAJAC,45170,Guadalajara,Jalisco,México
4478,Refugio Kouma,COLINAS DE ATEMAJAC,45170,Zapopan,Jalisco,México
4479,Regalisme esterrecaria ,Agua Blanca,45427,Tlaquepaque,Jalisco,México
4480,Regan Dyer,LOMS DE POLANCO,44960,Guadalajara,Jalisco,México
4481,Regina Peterson,ROJAS LADRON DE GUEVARA,44650,Guadalajara,Jalisco,México
4482,Reinhold Messner,Agua Blanca,49340,TAPALPA,JALISCO,MEXICO
4483,Relaxàssiu embragades CB,SANTA TERESITA,44600,Guadalajara,Jalisco,México
4484,Rena Roach,DEL BOSQUE,44520,Guadalajara,Jalisco,México
4485,Richard I. of England,SANTA TERESITA,44600,Guadalajara,Jalisco,México
4486,RJ Mitte,SANTA TERESITA,44600,Guadalajara,Jalisco,México
4487,Rob Gronkowski,COLINAS DE ATEMAJAC,45170,Zapopan,Jalisco,México
4488,Rob Ray,MODERNA,44190,Guadalajara,Jalisco,México
4489,Robin van Persie,MERCADO DE ABASTOA,44550,Guadalajara,Jalisco,México
4490,Robt Mckenzie,Agua Blanca,45427,Tlaquepaque,Jalisco,México
4491,Rochel Reeve,JARDINES DE LOS ARCOS,44500,Guadalajara,Jalisco,México
4492,Rocky Marciano,NUEVO MEXICO,45201,Zapopan,Jalisco,México
4493,Rodolfo Llana Rioz,Agua Blanca,45427,Tlaquepaque,Jalisco,México
4494,Roger Bannister,Agua Blanca,45427,Tlaquepaque,Jalisco,México
4495,Roger Decoster,VALLARTA NORTE ,44690,Guadalajara,Jalisco,México
4496,Roland Strong,CIUDAD DEL SOL,45050,Guadalajara,Jalisco,México
4497,Rolando Legorburu Vijil,PROVIDENCIA,44030,Guadalajara,Jalisco,México
4498,Ronald Reagan,RESISDENCIAL VICTORIA,44560,Guadalajara,Jalisco,México
4499,Ronni Davis,VILLA UNIVERSITARIA,45110,Zapopan,Jalisco,México
4500,Ronnie Gregory,Agua Blanca,45427,Tlaquepaque,Jalisco,México
4501,Rosalie Hogg,JARDINES DEL BOSQUE,44520,Guadalajara,Jalisco,México
4502,Rosann Wales,Agua Blanca,45427,Tlaquepaque,Jalisco,México
4503,Rosaura Evans,JARDINES DEL SUR,44950,Guadalajara,Jalisco,México
4504,Rose Byrne,LA ESTANCIA,45030,Zapopan,Jalisco,México
4505,Roy Adamson,CENTRO,46900,MASCOTA ,JALISCO,MEXICO
4506,Roy Jones Jr.,EL PALOMAR,44680,Tlajomulco de Zuñiga,Jalisco,Mexico
4507,Royce Gracie,LADRON DE GUEVARA,44600,Guadalajara,Jalisco,México
4508,Rudy Benson,PROVIDENCIA,44630,Guadalajara,Jalisco,México
4509,Rudy Hobbs,JARDINES DE GUADALUPE,45030,Zapopan,Jalisco,México
4510,Rusty Sanders,CENTRO,45400,TONALA,JALISCO,MEXICO
4511,Ryan Canelas Torio,COLINAS DE ATEMAJAC,45170,Zapopan,Jalisco,México
4512,Ryan Fitzpatrick,MODERNA,44190,Guadalajara,Jalisco,México
4513,Sacha Lobera Pando,CHAPULTEPEC COUNTRY,44620,Guadalajara,Jalisco,México
4514,Saiola fotisquejava SL,SANTA CRUZ DE LAS FLORES,45640,Tlajomulco de Zuñiga,Jalisco,Mexico
4515,Salah al-Din,JARDINES DEL BOSQUE,44520,Guadalajara,Jalisco,México
4516,Salustiano Burdeos Tejerina,CENTRO CIUDAD SANTA FE,1210,Mexico DF,Mexico DF,Mexico
4517,Samantha Morton,NICOLAS R. CASILLAS,45650,Tlajomulco de Zuñiga,Jalisco,Mexico
4518,Sanath Jayasuriya,LA CALMA,45070,Zapopan,Jalisco,México
4519,Sandra Bullock,SANTA EDUWIGES,44580,Guadalajara,Jalisco,México
4520,Sandra Greenwood,COLINAS DE ATEMAJAC,45170,Zapopan,Jalisco,México
4521,Sanora Connelly,LAS AGUILAS,45080,Zapopan,Jalisco,México
4522,Santos Wheeler,COLINAS DE ATEMAJAC,45170,Zapopan,Jalisco,México
4523,Saoirse Ronan,CHAPALÑITA,45050,Guadalajara,Jalisco,México
4524,Sarah Hyland,COLINAS DE ATEMAJAC,45170,Zapopan,Jalisco,México
4525,Sarah Silverman,CAMPO DE POLO,45040,Guadalajara,Jalisco,México
4526,Sargon the Great,ARCOS VALLARTA,44130,Guadalajara,Jalisco,México
4528,Satchel Paige,MONRAZ,44670,Guadalajara,Jalisco,México
4529,Saulo Miranes Pascual,CIRCUMBALACION VALLARTA,44680,Guadalajara,Jalisco,México
4530,Savanna Blackman,LA TIJERA,45060,Tlajomulco de Zuñiga,Jalisco,Mexico
4531,Scarlett Johansson,LOMA BONITA RESIDENCIAL,45086,Zapopan,Jalisco,México
4532,Scott Richmond,LOS MAESTROS,45150,Zapopan,Jalisco,México
4533,Scottie Pippen,UNIVERSIDAD MEXICO,44400,Zapopan,Jalisco,México
4534,Sean Bean,Agua Blanca,45427,Tlaquepaque,Jalisco,México
4535,Sebastian Coe,ANZURES DEL MIGUEL HIDALGO,11590,Mexico DF,Mexico DF,Mexico
4536,Sebastian Stan,COLINAS DE ATEMAJAC,45170,Zapopan,Jalisco,México
4537,Selene Whitfield,AYUNTAMIENTO,44260,Guadalajara,Jalisco,México
4538,Selim I,FRACCIONAMIENTO RANCHO SAN JOSE,45645,Tlajomulco de Zuñiga,Jalisco,Mexico
4539,Serena Williams,Agua Blanca,45427,Tlaquepaque,Jalisco,México
4540,Sergio Encio Bribiesca,JARDINES DEL BOSQUE,44520,Guadalajara,Jalisco,México
4541,Serpentines sobrecongelésseu CB,COLINAS DE ATEMAJAC,45170,Guadalajara,Jalisco,México
4542,Shandra Murphy,PASEOS DEL SOL,45640,Zapopan,Jalisco,México
4543,Shani Andrew,LA ESTANCIA,45030,Zapopan,Jalisco,México
4544,Shanika Joyce,COLINAS DE ATEMAJAC,45170,Zapopan,Jalisco,México
4545,Shanna Franks,CENTRO,44100,Guadalajara,Jalisco,México
4546,Shaquille O'Neal,JARDINES DE LA CRUZ,45950,Guadalajara,Jalisco,México
4547,Shaquita Welch,ARCOS VALLARTA,4430,Guadalajara,Jalisco,México
4548,Sharika Blair,ARCOS VALLARTA,44130,Guadalajara,Jalisco,México
4549,Sharmaine Crossley,AMERICANA ,44142,Guadalajara,Jalisco,México
4550,Sharon Idiaquez Llorden,LOMAS DE LA PRIMAVERA,45066,Zapopan,Jalisco,México
4551,Sharron Abraham,JARDINES VALLARTA ,45027,Zapopan,Jalisco,México
4552,Shavonda Barnes,LOMAS DE PROVIDENCIA,44647,Guadalajara,Jalisco,México
4553,Shawnta Ellwood,COLINAS DE ATEMAJAC,45170,Zapopan,Jalisco,México
4554,Shela Bains,COLINAS DE ATEMAJAC,45170,Zapopan,Jalisco,México
4555,Shelby Bentley,CAMINO REAL,45040,Zapopan,Jalisco,México
4556,Shinji Kagawa,COLOMOS ALTAMIRA,45160,Zapopan,Jalisco,México
4557,Shohreh Aghdashloo,PROVIDENCIA,44680,Guadalajara,Jalisco,México
4558,Sid Whitehead,COLINAS DE ATEMAJAC,45170,Zapopan,Jalisco,México
4559,Siddhartha Gautama Buddha,VALLE DE SAN ISIDRO,45137,Zapopan,Jalisco,México
4560,Sierra Bob,CAMINO REAL ,45040,Zapopan,Jalisco,México
4561,Sierra Nichols,CAMINO REAL,45040,Zapopan,Jalisco,México
4562,Simon Bolivar Buckner,LADRON DE GUEVARA,44600,Guadalajara,Jalisco,México
4563,Simone Moseley,CIUDAD DEL SOL,45050,Zapopan,Jalisco,México
4564,Simonne Gray,CENTRO,59000,SAHUAYO ,MICHOACAN,MEXICO
4565,Sirena Mcmillan,Agua Blanca,45427,Tlaquepaque,Jalisco,México
4566,Sobresembrares manomètric disúrics SA,LOMAS DEL VALLE ,45129,Zapopan,Jalisco,México
4567,Socorro Hilton,COLINAS DE ATEMAJAC,45170,Guadalajara,Jalisco,México
4568,Solange Knowles,PROVIDENCIA,44620,Guadalajara,Jalisco,México
4569,Somiejar salinàssiu aquissaves ,CIUDAD DEL SOL,45050,Zapopan,Jalisco,México
4570,Son Bloom,CENTRO,44100,Guadalajara,Jalisco,México
4571,Sophia Bush,CENTRO,27000,TORREON,COAHUILA,MEXICO
4572,Sostén giradiscs cantellejau ,LADRON DE GUEVARA,44650,Guadalajara,Jalisco,México
4573,Stana Katic,Agua Blanca,45427,Tlaquepaque,Jalisco,México
4574,Stanton Kelly,OBRERA,44150,Guadalajara,Jalisco,México
4575,Starr Paine,PASEOS DEL SOL,45079,Zapopan,Jalisco,México
4576,Stefania Leech,CENTRO,44400,Guadalajara,Jalisco,México
4577,Stephaine Begum,PASEOS DEL SOL,45079,Zapopan,Jalisco,México
4578,Stephen Sutton,JARDINES DEL COUNTRY ,44210,Guadalajara,Jalisco,México
4579,Steve Redgrave,Agua Blanca,45427,Tlaquepaque,Jalisco,México
4580,Steve Smith,JARDINES DE PLAZA DEL SOL,44510,Guadalajara,Jalisco,México
4581,Suanne Marshall,CAMPESTRE ALVARO OBREGON,4010,Mexico DF,Mexico DF,Mexico
4582,Suk Larkin,STA. MARGARITA,45140,Zapopan,Jalisco,México
4583,Suleyman The Magnificent,MODERNA,44190,Guadalajara,Jalisco,México
4584,Sultan II. Abdulhamid Khan,CENTRO,44100,Guadalajara,Jalisco,México
4585,Sultan Mehmed II,JARDINES ALCALDE ,44298,Guadalajara,Jalisco,México
4586,Sun Cousins,AMERICANA,44160,Guadalajara,Jalisco,México
4587,Sun Tzu,JARDINES DE SAN IGNACIO,45040,Zapopan,Jalisco,México
4588,Sunshine Mohammed,SAN JUAN DE OCOTAN ,45019,Zapopan,Jalisco,México
4589,Suscitéssim enrajolàssim assegur CB,EMILIANO ZAPATA,48380,PUERTO VALLARTA,JALISCO,MEXICO
4590,Susy Stanton,Agua Blanca,45427,Tlaquepaque,Jalisco,México
4591,Suzanna Dickson,MODERNA,44190,Guadalajara,Jalisco,México
4592,Sylvester Stallone,COLINAS DE ATEMAJAC,45170,Guadalajara,Jalisco,México
4593,Syreeta Leech,LOMAS DEL COUTRY,44610,Guadalajara,Jalisco,México
4594,T. J. Yates,COLINAS DE ATEMAJAC,45170,Guadalajara,Jalisco,México
4595,Taisha Dunkley,ZONA INDUSTRIAL,44940,Guadalajara,Jalisco,México
4596,Taissa Farmiga,Agua Blanca,45427,Tlaquepaque,Jalisco,México
4597,Takisha Searle,ARTESANOS ,44200,Guadalajara,Jalisco,México
4598,Talitha Macgregor,BARRERA,44150,Guadalajara,Jalisco,México
4599,Tamara Connelly,Agua Blanca,45130,Zapopan,Jalisco,México
4600,Tanja Mcmahon,SECTOR LIBERTAD ,44360,Guadalajara,Jalisco,México
4601,Tanner Glover,EL BRICEÑO ,45236,Zapopan,Jalisco,México
4602,Tanya Sharples,VILLA UNIVERSITARIA ,45110,Zapopan,Jalisco,México
4603,Temeka Guest,Agua Blanca,44940,Guadalajara,Jalisco,México
4604,Tempie Connelly,JARDINES DEL BOSQUE,44520,Guadalajara,Jalisco,México
4605,Tena Nash,INDEPENDENCIA,44290,Guadalajara,Jalisco,México
4606,Tennie Braithwaite,JARDINES DE LOS ARCOS,44500,Guadalajara,Jalisco,México
4607,Tennie Wharton,COLINAS DE ATEMAJAC,45170,Zapopan,Jalisco,México
4608,Teodora Hope,GUADALUPE JARDIN,45030,Zapopan,Jalisco,México
4609,Teodoro Weston,ARCOS VALLARTA,44230,Guadalajara,Jalisco,México
4610,Teofila Mcfarlane,COLINAS DE ATEMAJAC,45170,Guadalajara,Jalisco,México
4611,Terrence Fawcett,JARDINES DEL BOSQUE,44520,Guadalajara,Jalisco,México
4612,Terry Bradshaw,Agua Blanca,45427,Tlaquepaque,Jalisco,México
4613,Tess Goulding,INDEPENDENCIA ORIENTE,44340,Guadalajara,Jalisco,México
4614,Thad Stanley,JARDINES DEL SOL,45050,Zapopan,Jalisco,México
4615,Theoderic the Great,RINCONADA DE LA ARBOLEDA,44920,Guadalajara,Jalisco,México
4616,Theresia Carr,LOMAS DE TLAQUEPAQUE,45520,Tlaquepaque,Jalisco,México
4617,Thierry Henry,FRACC. HIDALGO ,37220,Leon,Guanajuato,México
4618,Thomas Jefferson,TERRALTA,45594,Tlaquepaque,Jalisco,México
4619,Thu Aitken,Agua Blanca,45427,Tlaquepaque,Jalisco,México
4620,Tifany Hindley,MODERNA ,44190,Guadalajara,Jalisco,México
4621,Tiffaney Bullock,CIUDAD GRANJA,45010,Zapopan,Jalisco,México
4622,Tiki Barber,COL. CIRCUNVALACIÓN LADRON DE GUEVARA,44680,Guadalajara,Jalisco,México
4623,Tim Grimes,JOCOTAN,45017,Zapopan,Jalisco,México
4624,Titllar embarumaria SA,MARIANO OTERO ,45067,Zapopan,Jalisco,México
4625,Tobias Farrington,JARDINES VALLARTA,45027,Zapopan,Jalisco,México
4626,Tobias Oliver,COLINAS DE ATEMAJAC,45170,Guadalajara,Jalisco,México
4627,Toccara Dupont,Agua Blanca,45427,Tlaquepaque,Jalisco,México
4628,Tom Hardy,AMERICANA,44100,Guadalajara,Jalisco,México
4629,Tomoko Holden,FRACCIONAMIENTO INDUSTRIAL EL CAMINO,45601,Tlaquepaque,Jalisco,México
4630,Tonja Carpenter,VALLARTA SUR,44500,Guadalajara,Jalisco,México
4631,Tonya Akhtar,CENTRO,44200,Guadalajara,Jalisco,México
4632,Toyotomi Hideyoshi,COLINAS DE ATEMAJAC,45170,Guadalajara,Jalisco,México
4633,Tracey Sims,Agua Blanca,45427,Tlaquepaque,Jalisco,México
4634,Tracy Mcgrady,TOLUQUILLA,45610,Tlaquepaque,Jalisco,México
4635,Tracy Mckenzie,JARDINES DE SAN IGNACIO,45040,Zapopan,Jalisco,México
4636,Travis Pastrana,LOMAS DEL VALLE,45129,Zapopan,Jalisco,México
4637,Trini Aguiar Gigante,CENTRO,49000,CIUDAD GUZMAN,JALISCO,MEXICO
4638,Tuan Howarth,MODERNA ,44190,Guadalajara,Jalisco,México
4639,Tupac Yupanqui,LA CALMA,45070,Zapopan,Jalisco,México
4640,Tuyet Cousins,COLINAS DE ATEMAJAC,45170,Zapopan,Jalisco,México
4641,Ty Cobb,Agua Blanca,45427,Tlaquepaque,Jalisco,México
4642,Uriel Tocos Toro,LADRON DE GUEBARA,44650,Guadalajara,Jalisco,México
4643,Valerie Omente BraÑa,CIUDAD DEL SOL,45050,Guadalajara,Jalisco,México
4644,Vanessa Hudgens,PROVIDENCIA,44670,Guadalajara,Jalisco,México
4645,Vania Mansell,COLINAS DE ATEMAJAC,45170,Guadalajara,Jalisco,México
4646,Vasily Alekseyev,Agua Blanca,45427,Tlaquepaque,Jalisco,México
4647,Venice Hagan,PARQUES DE SANTA MARIA,45601,Tlaquepaque,Jalisco,México
4648,Vertie Durrant,QUINTA VELARDE,44430,Guadalajara,Jalisco,México
4649,Vickie Mitchell,COLINAS DE ATEMAJAC,45170,Zapopan,Jalisco,México
4650,Vin Diesel,NOCHE BUENA,3720,Mexico DF,Mexico DF,Mexico
4652,Vincenzo Mccormack,LAS FUENTES,45070,Zapopan,Jalisco,México
4653,Virgen Perez,VILLA SEÑOR,44600,Guadalajara,Jalisco,México
4654,Virgina Waller,JARDINES VALLARTA,45027,Zapopan,Jalisco,México
4655,Vivian Baul Suarez,DOCTORES ,6720,Mexico DF,Mexico DF,Mexico
4656,Vladimir Lenin,COLINAS DE ATEMAJAC,45170,Zapopan,Jalisco,México
4657,Vladimir Putin,VALLARTA NORTE,44690,Guadalajara,Jalisco,México
4658,Wally Turner,CIUDAD DE LOS NIÑOS ,45609,Zapopan,Jalisco,México
4659,Wayne Gretzky,LADRON DE GUEVARA,0,Guadalajara,Jalisco,México
4660,Wendolyn Tate,LOMAS DE POLANCO,44960,Guadalajara,Jalisco,México
4661,Whitley Bowen,MODERNA ,44190,Guadalajara,Jalisco,México
4662,Widukind,LOS ARCOS  SUR,44130,Guadalajara,Jalisco,México
4663,Wilburn Sharpe,COLINAS DE ATEMAJAC,45170,Guadalajara,Jalisco,México
4664,Wilhemina Baker,LA ESTANCIA,45030,Zapopan,Jalisco,México
4665,Willa Holland,LOMA BONITA,45085,Tlaquepaque,Jalisco,México
4666,William the Conqueror,PROVIDENCIA  CURTA SECCION,44639,Guadalajara,Jalisco,México
4667,Willie Mays,JARDINES DEL SOL,45050,Zapopan,Jalisco,México
4668,Wilma Rudolph,Agua Blanca,45427,Tlaquepaque,Jalisco,México
4669,Wilt Chamberlain,JARDINES DE PLAZA DEL SOL,44510,Guadalajara,Jalisco,México
4670,Winston Churchill,JORGE ALMADA,80200,CULIACAN ,SINALOA,MEXICO
4671,Xerxes the Great,CAMINO REAL,45040,Zapopan,Jalisco,México
4672,Xisclem peptitzar CB,OBRERA CENTRO,44140,Guadalajara,Jalisco,México
4674,Yang Mccabe,EL DEAN,44440,Guadalajara,Jalisco,México
4675,Yariel Llantaron Obregon,CIUDAD DE LOS NIÑOS ,45040,Zapopan,Jalisco,México
4676,Yazmin Tornamira Saludes,JARDINES DEL BOSQUE,44520,Guadalajara,Jalisco,México
4677,Yer Smith,COLINAS DE ATEMAJAC,45170,Guadalajara,Jalisco,México
4678,Yetta Jamieson,COLINAS DE ATEMAJAC,45170,Guadalajara,Jalisco,México
4679,Yolando Edwards,COLINAS DE ATEMAJAC,45170,Zapopan,Jalisco,México
4680,Yone Urtuuste Masas,ARCOS VALLARTA,44130,Guadalajara,Jalisco,México
4681,Yuette Burn,EL ZAPOTE,45050,Zapopan,Jalisco,México
4682,Yulanda Hussain,RESIDENCIAL GUADALUPE,45047,Zapopan,Jalisco,México
4683,Yulissa Saco Paliza,BETHEL ,44720,Guadalajara,Jalisco,México
4684,Yvonne Strahovski,ZONA INDUSTRIAL,44940,Guadalajara,Jalisco,México
4685,Zac Efron,ITALIA PROVIDENCIA,44610,Guadalajara,Jalisco,México
4686,Zachary Levi,PROVIDENCIA ,44670,Guadalajara,Jalisco,México
4687,Zenia Banks,LOMAS DEL VALLE,45129,Zapopan,Jalisco,México
4688,Zetta Connor,QUINTA VELARDE,44420,Guadalajara,Jalisco,México
